Fecha,casos_dengue,Tipo de Dato,temp_media_semanal,precip_total_semanal
2016-01-04,401.0,Histórico,21.95,14.1
2016-01-11,475.0,Histórico,21.514285714285712,122.3
2016-01-18,533.0,Histórico,21.414285714285715,20.5
2016-01-25,628.0,Histórico,21.685714285714287,55.7
2016-02-01,734.0,Histórico,21.214285714285715,39.5
2016-02-08,834.0,Histórico,21.557142857142857,16.9
2016-02-15,817.0,Histórico,22.157142857142855,18.5
2016-02-22,699.0,Histórico,22.185714285714287,37.7
2016-02-29,760.0,Histórico,22.085714285714285,119.2
2016-03-07,632.0,Histórico,21.314285714285713,67.6
2016-03-14,414.0,Histórico,21.685714285714287,124.0
2016-03-21,431.0,Histórico,22.185714285714287,18.9
2016-03-28,551.0,Histórico,22.414285714285715,85.9
2016-04-04,521.0,Histórico,21.3,110.10000000000001
2016-04-11,546.0,Histórico,22.228571428571428,133.7
2016-04-18,474.0,Histórico,22.114285714285717,67.6
2016-04-25,489.0,Histórico,22.099999999999998,59.199999999999996
2016-05-02,594.0,Histórico,21.557142857142857,156.4
2016-05-09,704.0,Histórico,21.642857142857142,109.0
2016-05-16,684.0,Histórico,22.099999999999998,8.7
2016-05-23,583.0,Histórico,22.24285714285714,10.7
2016-05-30,582.0,Histórico,21.47142857142857,53.7
2016-06-06,629.0,Histórico,21.185714285714287,76.6
2016-06-13,542.0,Histórico,21.17142857142857,4.2
2016-06-20,478.0,Histórico,21.085714285714285,6.699999999999999
2016-06-27,398.0,Histórico,21.142857142857142,29.2
2016-07-04,352.0,Histórico,21.514285714285712,21.8
2016-07-11,327.0,Histórico,21.62857142857143,7.5
2016-07-18,234.0,Histórico,20.571428571428573,43.4
2016-07-25,178.0,Histórico,20.714285714285715,24.400000000000002
2016-08-01,210.0,Histórico,21.24285714285714,1.5
2016-08-08,189.0,Histórico,21.585714285714285,12.0
2016-08-15,183.0,Histórico,20.87142857142857,11.6
2016-08-22,180.0,Histórico,21.357142857142858,6.6
2016-08-29,137.0,Histórico,21.185714285714287,56.7
2016-09-05,144.0,Histórico,20.657142857142855,56.0
2016-09-12,124.0,Histórico,20.771428571428572,44.0
2016-09-19,151.0,Histórico,20.928571428571427,24.2
2016-09-26,113.0,Histórico,20.771428571428572,14.3
2016-10-03,122.0,Histórico,20.642857142857142,161.5
2016-10-10,97.0,Histórico,20.642857142857142,101.6
2016-10-17,160.0,Histórico,21.25714285714286,20.1
2016-10-24,118.0,Histórico,20.52857142857143,175.2
2016-10-31,130.0,Histórico,20.271428571428572,178.60000000000002
2016-11-07,113.0,Histórico,21.02857142857143,53.5
2016-11-14,124.0,Histórico,20.785714285714285,160.7
2016-11-21,150.0,Histórico,20.042857142857144,78.9
2016-11-28,104.0,Histórico,21.042857142857144,70.9
2016-12-05,129.0,Histórico,20.771428571428572,81.69999999999999
2016-12-12,162.0,Histórico,20.571428571428573,79.2
2016-12-19,112.0,Histórico,21.0,34.9
2016-12-26,134.0,Histórico,20.2,158.1
2017-01-02,146.0,Histórico,21.071428571428573,76.2
2017-01-09,146.0,Histórico,21.114285714285717,91.9
2017-01-16,198.0,Histórico,20.585714285714285,104.69999999999999
2017-01-23,178.0,Histórico,20.400000000000002,64.2
2017-01-30,162.0,Histórico,20.771428571428572,147.3
2017-02-06,127.0,Histórico,21.485714285714288,112.2
2017-02-13,108.0,Histórico,21.657142857142855,43.4
2017-02-20,99.0,Histórico,21.3,14.899999999999999
2017-02-27,93.0,Histórico,20.942857142857143,31.200000000000003
2017-03-06,67.0,Histórico,21.228571428571428,131.6
2017-03-13,78.0,Histórico,20.942857142857143,153.5
2017-03-20,70.0,Histórico,20.928571428571427,61.7
2017-03-27,90.0,Histórico,21.2,84.2
2017-04-03,84.0,Histórico,21.185714285714287,119.4
2017-04-10,83.0,Histórico,21.642857142857142,146.0
2017-04-17,78.0,Histórico,21.685714285714287,211.70000000000002
2017-04-24,76.0,Histórico,21.557142857142857,103.1
2017-05-01,80.0,Histórico,21.3,170.0
2017-05-08,79.0,Histórico,21.11428571428571,127.7
2017-05-15,96.0,Histórico,21.142857142857142,84.3
2017-05-22,93.0,Histórico,21.214285714285715,176.8
2017-05-29,59.0,Histórico,21.728571428571428,138.5
2017-06-05,62.0,Histórico,21.7,121.9
2017-06-12,62.0,Histórico,21.014285714285712,120.89999999999999
2017-06-19,45.0,Histórico,20.728571428571428,119.2
2017-06-26,55.0,Histórico,20.87142857142857,184.2
2017-07-03,60.0,Histórico,21.099999999999998,131.6
2017-07-10,50.0,Histórico,21.32857142857143,155.6
2017-07-17,43.0,Histórico,21.157142857142855,124.60000000000001
2017-07-24,59.0,Histórico,21.214285714285715,195.9
2017-07-31,44.0,Histórico,21.24285714285714,166.3
2017-08-07,38.0,Histórico,21.285714285714285,116.6
2017-08-14,44.0,Histórico,21.214285714285715,128.5
2017-08-21,44.0,Histórico,21.014285714285712,134.3
2017-08-28,46.0,Histórico,20.957142857142856,140.0
2017-09-04,39.0,Histórico,21.400000000000002,84.2
2017-09-11,29.0,Histórico,21.185714285714287,92.6
2017-09-18,44.0,Histórico,21.457142857142856,176.7
2017-09-25,32.0,Histórico,21.74285714285714,181.8
2017-10-02,48.0,Histórico,21.157142857142855,112.1
2017-10-09,40.0,Histórico,20.599999999999998,101.8
2017-10-16,46.0,Histórico,21.357142857142858,117.4
2017-10-23,48.0,Histórico,21.614285714285717,130.7
2017-10-30,37.0,Histórico,20.599999999999998,69.4
2017-11-06,47.0,Histórico,21.157142857142855,71.1
2017-11-13,59.0,Histórico,21.285714285714285,92.9
2017-11-20,49.0,Histórico,20.571428571428573,130.3
2017-11-27,66.0,Histórico,21.057142857142857,53.0
2017-12-04,43.0,Histórico,21.314285714285713,132.3
2017-12-11,53.0,Histórico,21.057142857142857,125.6
2017-12-18,41.0,Histórico,21.17142857142857,63.1
2017-12-25,37.0,Histórico,21.157142857142855,84.3
2018-01-01,52.0,Histórico,20.17142857142857,82.2
2018-01-08,31.0,Histórico,20.942857142857143,55.0
2018-01-15,31.0,Histórico,20.171428571428574,132.7
2018-01-22,24.0,Histórico,20.228571428571428,164.2
2018-01-29,22.0,Histórico,20.728571428571428,84.5
2018-02-05,31.0,Histórico,21.285714285714285,111.30000000000001
2018-02-12,35.0,Histórico,21.571428571428573,60.800000000000004
2018-02-19,34.0,Histórico,21.214285714285715,118.3
2018-02-26,25.0,Histórico,20.857142857142858,13.5
2018-03-05,41.0,Histórico,20.928571428571427,81.2
2018-03-12,44.0,Histórico,21.842857142857145,72.0
2018-03-19,23.0,Histórico,21.571428571428573,74.8
2018-03-26,26.0,Histórico,21.37142857142857,149.2
2018-04-02,27.0,Histórico,20.97142857142857,154.5
2018-04-09,32.0,Histórico,20.985714285714288,77.3
2018-04-16,29.0,Histórico,20.8,121.0
2018-04-23,44.0,Histórico,21.042857142857144,150.1
2018-04-30,37.0,Histórico,20.514285714285712,157.8
2018-05-07,43.0,Histórico,21.17142857142857,120.8
2018-05-14,51.0,Histórico,20.642857142857142,104.89999999999999
2018-05-21,48.0,Histórico,20.785714285714285,157.6
2018-05-28,59.0,Histórico,20.428571428571427,195.9
2018-06-04,54.0,Histórico,21.02857142857143,184.4
2018-06-11,61.0,Histórico,20.957142857142856,229.3
2018-06-18,57.0,Histórico,21.099999999999998,208.5
2018-06-25,40.0,Histórico,20.5,248.8
2018-07-02,51.0,Histórico,19.857142857142858,202.1
2018-07-09,33.0,Histórico,20.942857142857143,143.2
2018-07-16,28.0,Histórico,21.228571428571428,124.3
2018-07-23,39.0,Histórico,20.942857142857143,356.0
2018-07-30,42.0,Histórico,20.25714285714286,275.9
2018-08-06,35.0,Histórico,20.942857142857143,164.4
2018-08-13,29.0,Histórico,21.614285714285717,37.599999999999994
2018-08-20,28.0,Histórico,21.099999999999998,134.6
2018-08-27,31.0,Histórico,21.2,184.4
2018-09-03,33.0,Histórico,21.057142857142857,217.8
2018-09-10,23.0,Histórico,21.17142857142857,137.4
2018-09-17,27.0,Histórico,20.400000000000002,120.3
2018-09-24,27.0,Histórico,21.442857142857143,137.2
2018-10-01,22.0,Histórico,21.714285714285715,136.3
2018-10-08,25.0,Histórico,21.542857142857144,92.5
2018-10-15,25.0,Histórico,21.285714285714285,22.7
2018-10-22,21.0,Histórico,21.02857142857143,73.4
2018-10-29,19.0,Histórico,21.24285714285714,134.7
2018-11-05,27.0,Histórico,20.7,101.6
2018-11-12,17.0,Histórico,21.285714285714285,105.7
2018-11-19,23.0,Histórico,21.25714285714286,133.4
2018-11-26,25.0,Histórico,21.428571428571427,96.0
2018-12-03,21.0,Histórico,21.085714285714285,74.6
2018-12-10,36.0,Histórico,21.057142857142857,103.9
2018-12-17,20.0,Histórico,21.014285714285712,199.8
2018-12-24,23.0,Histórico,21.0,121.7
2018-12-31,44.0,Histórico,21.385714285714283,91.6
2019-01-07,32.0,Histórico,22.057142857142857,52.6
2019-01-14,32.0,Histórico,20.542857142857144,56.8
2019-01-21,38.0,Histórico,21.157142857142855,138.1
2019-01-28,39.0,Histórico,21.928571428571427,88.5
2019-02-04,40.0,Histórico,21.37142857142857,151.0
2019-02-11,40.0,Histórico,21.599999999999998,169.5
2019-02-18,36.0,Histórico,21.75714285714286,127.4
2019-02-25,38.0,Histórico,21.228571428571428,169.4
2019-03-04,38.0,Histórico,21.67142857142857,44.0
2019-03-11,44.0,Histórico,21.428571428571427,144.4
2019-03-18,40.0,Histórico,21.82857142857143,103.4
2019-03-25,34.0,Histórico,21.557142857142857,82.69999999999999
2019-04-01,38.0,Histórico,21.7,111.9
2019-04-08,31.0,Histórico,21.457142857142856,137.4
2019-04-15,25.0,Histórico,21.428571428571427,158.7
2019-04-22,44.0,Histórico,21.342857142857145,98.9
2019-04-29,34.0,Histórico,21.82857142857143,124.6
2019-05-06,36.0,Histórico,21.785714285714285,167.4
2019-05-13,48.0,Histórico,21.042857142857144,183.6
2019-05-20,38.0,Histórico,20.75714285714286,182.1
2019-05-27,47.0,Histórico,21.014285714285712,131.2
2019-06-03,41.0,Histórico,20.75714285714286,93.9
2019-06-10,42.0,Histórico,20.900000000000002,207.5
2019-06-17,46.0,Histórico,21.214285714285715,170.8
2019-06-24,45.0,Histórico,21.7,91.0
2019-07-01,52.0,Histórico,21.37142857142857,214.3
2019-07-08,42.0,Histórico,21.657142857142855,109.2
2019-07-15,53.0,Histórico,20.771428571428572,146.7
2019-07-22,45.0,Histórico,21.599999999999998,113.69999999999999
2019-07-29,65.0,Histórico,20.82857142857143,228.6
2019-08-05,57.0,Histórico,21.642857142857142,156.7
2019-08-12,62.0,Histórico,21.985714285714288,95.3
2019-08-19,67.0,Histórico,21.485714285714288,61.4
2019-08-26,72.0,Histórico,22.342857142857145,37.3
2019-09-02,73.0,Histórico,22.32857142857143,116.6
2019-09-09,84.0,Histórico,22.17142857142857,75.8
2019-09-16,95.0,Histórico,22.071428571428573,171.4
2019-09-23,77.0,Histórico,20.985714285714288,129.5
2019-09-30,98.0,Histórico,21.3,74.0
2019-10-07,84.0,Histórico,20.857142857142858,118.0
2019-10-14,78.0,Histórico,20.942857142857143,192.4
2019-10-21,94.0,Histórico,20.857142857142858,149.1
2019-10-28,115.0,Histórico,20.97142857142857,128.8
2019-11-04,133.0,Histórico,20.942857142857143,114.5
2019-11-11,137.0,Histórico,21.485714285714288,153.8
2019-11-18,159.0,Histórico,21.014285714285712,100.4
2019-11-25,170.0,Histórico,21.12857142857143,130.5
2019-12-02,185.0,Histórico,21.457142857142856,120.19999999999999
2019-12-09,198.0,Histórico,21.085714285714285,56.5
2019-12-16,271.0,Histórico,21.057142857142857,83.3
2019-12-23,291.0,Histórico,21.314285714285713,250.39999999999998
2019-12-30,357.0,Histórico,21.62857142857143,183.4
2020-01-06,390.0,Histórico,21.685714285714287,96.0
2020-01-13,523.0,Histórico,21.885714285714283,36.8
2020-01-20,597.0,Histórico,22.585714285714285,43.0
2020-01-27,658.0,Histórico,21.314285714285713,62.5
2020-02-03,674.0,Histórico,21.585714285714285,66.4
2020-02-10,640.0,Histórico,22.099999999999998,38.2
2020-02-17,619.0,Histórico,22.585714285714285,37.8
2020-02-24,566.0,Histórico,22.37142857142857,62.0
2020-03-02,676.0,Histórico,21.914285714285715,95.6
2020-03-09,627.0,Histórico,22.5,88.4
2020-03-16,402.0,Histórico,21.914285714285715,139.5
2020-03-23,333.0,Histórico,21.857142857142858,30.2
2020-03-30,352.0,Histórico,21.714285714285715,97.2
2020-04-06,283.0,Histórico,21.585714285714285,140.3
2020-04-13,259.0,Histórico,21.071428571428573,143.8
2020-04-20,273.0,Histórico,21.271428571428572,79.30000000000001
2020-04-27,237.0,Histórico,21.414285714285715,109.8
2020-05-04,221.0,Histórico,21.157142857142855,219.3
2020-05-11,230.0,Histórico,21.599999999999998,151.3
2020-05-18,222.0,Histórico,21.5,191.10000000000002
2020-05-25,168.0,Histórico,21.342857142857145,170.8
2020-06-01,190.0,Histórico,20.400000000000002,140.2
2020-06-08,165.0,Histórico,20.728571428571428,103.3
2020-06-15,181.0,Histórico,20.771428571428572,102.8
2020-06-22,150.0,Histórico,20.685714285714287,246.0
2020-06-29,172.0,Histórico,20.400000000000002,245.1
2020-07-06,122.0,Histórico,20.17142857142857,137.5
2020-07-13,138.0,Histórico,20.271428571428572,142.8
2020-07-20,152.0,Histórico,21.057142857142857,160.4
2020-07-27,123.0,Histórico,20.24285714285714,155.9
2020-08-03,136.0,Histórico,21.557142857142857,127.1
2020-08-10,123.0,Histórico,21.714285714285715,60.800000000000004
2020-08-17,116.0,Histórico,20.842857142857145,263.3
2020-08-24,131.0,Histórico,21.014285714285712,108.0
2020-08-31,118.0,Histórico,20.599999999999998,102.1
2020-09-07,116.0,Histórico,21.0,84.0
2020-09-14,111.0,Histórico,21.271428571428572,111.89999999999999
2020-09-21,117.0,Histórico,21.214285714285715,115.9
2020-09-28,93.0,Histórico,21.3,153.7
2020-10-05,104.0,Histórico,20.8,192.1
2020-10-12,99.0,Histórico,21.414285714285715,104.0
2020-10-19,117.0,Histórico,21.17142857142857,213.9
2020-10-26,98.0,Histórico,21.12857142857143,153.5
2020-11-02,123.0,Histórico,21.099999999999998,73.3
2020-11-09,114.0,Histórico,21.82857142857143,89.1
2020-11-16,109.0,Histórico,21.385714285714283,62.3
2020-11-23,90.0,Histórico,21.142857142857142,70.9
2020-11-30,129.0,Histórico,21.17142857142857,72.3
2020-12-07,117.0,Histórico,21.014285714285712,119.7
2020-12-14,115.0,Histórico,21.085714285714285,81.2
2020-12-21,142.0,Histórico,20.97142857142857,114.4
2020-12-28,112.0,Histórico,20.657142857142855,92.4
2021-01-04,150.0,Histórico,20.82857142857143,102.4
2021-01-11,140.0,Histórico,20.142857142857142,117.7
2021-01-18,142.0,Histórico,20.814285714285713,141.7
2021-01-25,196.0,Histórico,20.900000000000002,93.3
2021-02-01,185.0,Histórico,21.37142857142857,64.6
2021-02-08,162.0,Histórico,21.771428571428572,91.7
2021-02-15,183.0,Histórico,21.3,65.9
2021-02-22,182.0,Histórico,20.8,114.89999999999999
2021-03-01,165.0,Histórico,21.571428571428573,94.2
2021-03-08,160.0,Histórico,20.771428571428572,104.6
2021-03-15,141.0,Histórico,20.67142857142857,59.2
2021-03-22,140.0,Histórico,20.62857142857143,140.6
2021-03-29,121.0,Histórico,21.25714285714286,116.5
2021-04-05,143.0,Histórico,21.2,162.3
2021-04-12,114.0,Histórico,20.75714285714286,156.5
2021-04-19,75.0,Histórico,21.071428571428573,227.8
2021-04-26,64.0,Histórico,21.442857142857143,80.0
2021-05-03,78.0,Histórico,20.714285714285715,86.4
2021-05-10,79.0,Histórico,21.47142857142857,120.2
2021-05-17,101.0,Histórico,21.085714285714285,262.2
2021-05-24,73.0,Histórico,21.25714285714286,264.4
2021-05-31,109.0,Histórico,21.228571428571428,115.2
2021-06-07,103.0,Histórico,21.0,161.8
2021-06-14,92.0,Histórico,20.24285714285714,91.39999999999999
2021-06-21,116.0,Histórico,20.442857142857143,132.8
2021-06-28,99.0,Histórico,20.3,117.3
2021-07-05,77.0,Histórico,20.514285714285712,95.4
2021-07-12,72.0,Histórico,20.785714285714285,176.0
2021-07-19,119.0,Histórico,20.785714285714285,141.1
2021-07-26,79.0,Histórico,20.914285714285715,87.4
2021-08-02,121.0,Histórico,21.5,120.89999999999999
2021-08-09,103.0,Histórico,21.042857142857144,133.3
2021-08-16,112.0,Histórico,20.585714285714285,293.2
2021-08-23,88.0,Histórico,20.857142857142858,126.3
2021-08-30,102.0,Histórico,20.62857142857143,137.8
2021-09-06,102.0,Histórico,20.7,156.9
2021-09-13,104.0,Histórico,20.714285714285715,160.1
2021-09-20,101.0,Histórico,21.37142857142857,136.10000000000002
2021-09-27,74.0,Histórico,21.142857142857142,134.8
2021-10-04,93.0,Histórico,20.857142857142858,107.60000000000001
2021-10-11,109.0,Histórico,20.957142857142856,201.4
2021-10-18,71.0,Histórico,20.857142857142858,126.7
2021-10-25,75.0,Histórico,20.52857142857143,153.4
2021-11-01,88.0,Histórico,21.142857142857142,74.89999999999999
2021-11-08,86.0,Histórico,20.614285714285717,137.6
2021-11-15,92.0,Histórico,20.557142857142857,113.7
2021-11-22,93.0,Histórico,20.52857142857143,121.30000000000001
2021-11-29,95.0,Histórico,20.3,186.0
2021-12-06,82.0,Histórico,20.514285714285712,171.0
2021-12-13,95.0,Histórico,20.5,94.5
2021-12-20,100.0,Histórico,20.314285714285713,252.4
2021-12-27,78.0,Histórico,21.0,69.7
2022-01-03,54.0,Histórico,20.62857142857143,136.8
2022-01-10,63.0,Histórico,20.042857142857144,82.3
2022-01-17,55.0,Histórico,20.342857142857145,90.7
2022-01-24,46.0,Histórico,21.085714285714285,58.8
2022-01-31,68.0,Histórico,20.485714285714288,96.1
2022-02-07,50.0,Histórico,20.514285714285712,115.3
2022-02-14,50.0,Histórico,20.314285714285713,125.8
2022-02-21,58.0,Histórico,20.614285714285717,101.4
2022-02-28,61.0,Histórico,20.728571428571428,151.3
2022-03-07,56.0,Histórico,20.2,133.20000000000002
2022-03-14,57.0,Histórico,21.142857142857142,34.0
2022-03-21,65.0,Histórico,20.5,190.5
2022-03-28,58.0,Histórico,20.714285714285715,177.7
2022-04-04,47.0,Histórico,20.8,139.2
2022-04-11,62.0,Histórico,20.957142857142856,241.4
2022-04-18,63.0,Histórico,20.785714285714285,207.3
2022-04-25,58.0,Histórico,20.357142857142858,97.0
2022-05-02,62.0,Histórico,21.0,111.2
2022-05-09,50.0,Histórico,20.785714285714285,91.60000000000001
2022-05-16,65.0,Histórico,20.914285714285715,212.3
2022-05-23,63.0,Histórico,20.057142857142857,150.7
2022-05-30,61.0,Histórico,20.085714285714285,307.4
2022-06-06,38.0,Histórico,20.099999999999998,137.8
2022-06-13,67.0,Histórico,19.957142857142856,210.8
2022-06-20,55.0,Histórico,19.842857142857145,189.79999999999998
2022-06-27,47.0,Histórico,19.52857142857143,279.0
2022-07-04,53.0,Histórico,20.442857142857143,155.0
2022-07-11,53.0,Histórico,20.314285714285713,243.7
2022-07-18,51.0,Histórico,20.37142857142857,150.3
2022-07-25,41.0,Histórico,20.085714285714285,195.29999999999998
2022-08-01,53.0,Histórico,20.12857142857143,158.1
2022-08-08,49.0,Histórico,20.342857142857145,242.7
2022-08-15,61.0,Histórico,20.25714285714286,159.5
2022-08-22,60.0,Histórico,20.585714285714285,151.5
2022-08-29,66.0,Histórico,20.514285714285712,139.7
2022-09-05,79.0,Histórico,20.914285714285715,151.5
2022-09-12,48.0,Histórico,20.914285714285715,115.2
2022-09-19,44.0,Histórico,20.314285714285713,172.9
2022-09-26,48.0,Histórico,20.52857142857143,123.6
2022-10-03,39.0,Histórico,20.714285714285715,171.0
2022-10-10,39.0,Histórico,20.485714285714288,166.1
2022-10-17,44.0,Histórico,20.585714285714285,144.0
2022-10-24,51.0,Histórico,20.685714285714287,108.6
2022-10-31,59.0,Histórico,20.714285714285715,78.10000000000001
2022-11-07,61.0,Histórico,20.542857142857144,80.30000000000001
2022-11-14,64.0,Histórico,20.442857142857143,134.9
2022-11-21,58.0,Histórico,20.928571428571427,149.6
2022-11-28,51.0,Histórico,20.328571428571426,111.6
2022-12-05,56.0,Histórico,19.8,102.8
2022-12-12,34.0,Histórico,20.042857142857144,107.7
2022-12-19,36.0,Histórico,20.285714285714285,136.8
2022-12-26,44.0,Histórico,20.75714285714286,79.7
2023-01-02,48.0,Pronóstico,20.75714285714286,79.7
2023-01-09,48.0,Pronóstico,20.75714285714286,79.7
2023-01-16,51.0,Pronóstico,20.75714285714286,79.7
2023-01-23,56.0,Pronóstico,20.75714285714286,79.7
