fecha,temp_media_c,precip_total_mm
2016-01-01,22.7,0.7
2016-01-02,22.4,2.0
2016-01-03,21.3,7.6
2016-01-04,21.4,3.8
2016-01-05,21.9,7.3
2016-01-06,21.7,13.2
2016-01-07,22.1,4.5
2016-01-08,21.8,5.0
2016-01-09,21.6,6.9
2016-01-10,20.9,52.5
2016-01-11,20.6,32.9
2016-01-12,21.3,1.2
2016-01-13,21.0,13.0
2016-01-14,20.8,4.2
2016-01-15,21.6,0.0
2016-01-16,21.8,0.1
2016-01-17,21.9,0.6
2016-01-18,21.5,1.4
2016-01-19,21.0,0.8
2016-01-20,21.1,2.7
2016-01-21,21.5,6.2
2016-01-22,21.7,3.8
2016-01-23,22.1,1.6
2016-01-24,21.9,13.6
2016-01-25,22.5,27.0
2016-01-26,22.1,1.1
2016-01-27,21.6,1.3
2016-01-28,21.0,0.6
2016-01-29,20.8,3.9
2016-01-30,20.3,30.2
2016-01-31,20.9,1.6
2016-02-01,21.8,0.8
2016-02-02,21.0,0.0
2016-02-03,21.2,3.0
2016-02-04,20.7,2.0
2016-02-05,20.9,5.2
2016-02-06,22.1,0.2
2016-02-07,22.4,2.6
2016-02-08,22.6,3.9
2016-02-09,22.5,4.3
2016-02-10,21.5,2.8
2016-02-11,22.1,3.5
2016-02-12,21.7,1.8
2016-02-13,22.2,1.6
2016-02-14,22.7,4.0
2016-02-15,22.4,0.5
2016-02-16,22.0,4.3
2016-02-17,22.0,3.7
2016-02-18,22.1,2.2
2016-02-19,23.4,0.7
2016-02-20,22.3,2.2
2016-02-21,21.6,15.1
2016-02-22,21.9,9.5
2016-02-23,22.4,24.5
2016-02-24,22.0,10.4
2016-02-25,21.8,15.3
2016-02-26,21.6,16.0
2016-02-27,22.4,35.3
2016-02-28,22.5,13.2
2016-02-29,21.9,4.5
2016-03-01,21.6,15.1
2016-03-02,21.8,9.6
2016-03-03,21.8,5.9
2016-03-04,21.2,10.1
2016-03-05,21.7,2.0
2016-03-06,20.5,21.0
2016-03-07,20.6,3.9
2016-03-08,21.2,10.5
2016-03-09,21.7,13.6
2016-03-10,22.1,11.9
2016-03-11,21.7,41.4
2016-03-12,21.9,18.7
2016-03-13,21.5,16.7
2016-03-14,21.7,11.2
2016-03-15,22.3,0.0
2016-03-16,22.1,1.3
2016-03-17,21.8,3.5
2016-03-18,22.0,11.7
2016-03-19,22.1,0.4
2016-03-20,22.6,1.4
2016-03-21,22.4,0.6
2016-03-22,22.2,1.3
2016-03-23,22.3,0.0
2016-03-24,22.4,0.2
2016-03-25,22.6,2.6
2016-03-26,23.2,14.8
2016-03-27,22.7,3.9
2016-03-28,21.5,63.1
2016-03-29,22.0,14.2
2016-03-30,22.2,5.9
2016-03-31,21.6,38.2
2016-04-01,21.1,25.7
2016-04-02,20.8,25.0
2016-04-03,20.4,1.1
2016-04-04,21.0,0.0
2016-04-05,21.9,4.2
2016-04-06,22.9,0.0
2016-04-07,23.0,1.3
2016-04-08,22.2,18.1
2016-04-09,22.3,1.2
2016-04-10,22.0,17.9
2016-04-11,21.3,91.0
2016-04-12,20.5,50.4
2016-04-13,21.2,6.8
2016-04-14,22.2,0.4
2016-04-15,23.4,0.1
2016-04-16,22.6,6.6
2016-04-17,22.6,1.2
2016-04-18,22.3,2.1
2016-04-19,22.1,5.0
2016-04-20,22.3,2.8
2016-04-21,22.7,0.6
2016-04-22,22.7,0.0
2016-04-23,22.4,1.0
2016-04-24,21.1,15.5
2016-04-25,21.4,34.3
2016-04-26,21.8,45.4
2016-04-27,21.5,29.2
2016-04-28,21.2,45.0
2016-04-29,21.8,2.9
2016-04-30,22.2,1.5
2016-05-01,21.4,14.9
2016-05-02,21.0,17.5
2016-05-03,21.2,0.2
2016-05-04,22.0,0.9
2016-05-05,21.7,0.6
2016-05-06,22.5,0.2
2016-05-07,21.7,9.8
2016-05-08,21.6,58.9
2016-05-09,20.8,38.4
2016-05-10,21.1,8.1
2016-05-11,21.4,0.4
2016-05-12,22.1,0.1
2016-05-13,22.7,0.0
2016-05-14,22.2,0.0
2016-05-15,22.9,0.1
2016-05-16,22.3,0.0
2016-05-17,21.8,0.6
2016-05-18,21.6,4.8
2016-05-19,22.1,3.1
2016-05-20,22.4,0.6
2016-05-21,22.6,1.1
2016-05-22,22.5,0.5
2016-05-23,22.7,0.0
2016-05-24,22.5,0.0
2016-05-25,21.5,4.1
2016-05-26,21.0,23.2
2016-05-27,22.1,0.0
2016-05-28,21.4,0.0
2016-05-29,20.8,3.9
2016-05-30,21.0,22.5
2016-05-31,20.6,31.2
2016-06-01,22.0,2.5
2016-06-02,21.2,2.7
2016-06-03,21.0,2.6
2016-06-04,21.2,3.3
2016-06-05,21.4,2.9
2016-06-06,20.9,31.4
2016-06-07,21.0,0.0
2016-06-08,22.0,1.4
2016-06-09,20.8,2.0
2016-06-10,20.4,0.8
2016-06-11,21.2,0.0
2016-06-12,21.3,0.0
2016-06-13,21.5,0.0
2016-06-14,20.7,2.8
2016-06-15,21.3,0.1
2016-06-16,21.5,0.0
2016-06-17,21.0,0.1
2016-06-18,21.1,1.5
2016-06-19,21.0,0.1
2016-06-20,21.0,2.1
2016-06-21,21.1,0.0
2016-06-22,21.2,0.2
2016-06-23,21.1,9.3
2016-06-24,20.5,13.1
2016-06-25,20.7,3.6
2016-06-26,21.5,0.0
2016-06-27,21.9,3.0
2016-06-28,22.2,4.7
2016-06-29,21.7,0.0
2016-06-30,21.9,0.0
2016-07-01,21.5,1.2
2016-07-02,21.0,4.6
2016-07-03,21.3,1.8
2016-07-04,21.0,9.5
2016-07-05,21.3,7.5
2016-07-06,21.6,0.0
2016-07-07,22.5,0.0
2016-07-08,22.1,0.0
2016-07-09,21.9,0.0
2016-07-10,21.4,0.0
2016-07-11,20.6,0.0
2016-07-12,20.8,1.4
2016-07-13,20.4,2.3
2016-07-14,20.2,3.6
2016-07-15,20.3,17.7
2016-07-16,20.4,14.1
2016-07-17,21.2,1.7
2016-07-18,20.7,2.6
2016-07-19,21.2,1.4
2016-07-20,21.0,2.7
2016-07-21,20.5,0.2
2016-07-22,20.6,3.6
2016-07-23,20.0,2.8
2016-07-24,20.2,9.9
2016-07-25,21.5,3.8
2016-07-26,21.3,0.2
2016-07-27,21.8,0.5
2016-07-28,21.5,0.2
2016-07-29,20.9,0.0
2016-07-30,20.9,0.3
2016-07-31,21.2,0.1
2016-08-01,21.1,0.2
2016-08-02,21.1,0.0
2016-08-03,21.8,0.4
2016-08-04,20.8,0.0
2016-08-05,21.6,0.0
2016-08-06,22.0,0.0
2016-08-07,21.8,9.5
2016-08-08,22.0,2.1
2016-08-09,22.0,5.2
2016-08-10,21.3,3.0
2016-08-11,21.1,1.3
2016-08-12,20.2,1.1
2016-08-13,20.7,0.0
2016-08-14,20.3,0.0
2016-08-15,20.5,1.0
2016-08-16,20.7,1.3
2016-08-17,21.3,0.2
2016-08-18,21.6,1.9
2016-08-19,21.5,2.9
2016-08-20,21.0,0.3
2016-08-21,21.6,0.0
2016-08-22,21.8,0.0
2016-08-23,22.1,0.0
2016-08-24,21.1,0.1
2016-08-25,21.2,7.0
2016-08-26,20.8,21.6
2016-08-27,20.8,3.4
2016-08-28,20.8,9.5
2016-08-29,21.5,15.1
2016-08-30,20.9,11.5
2016-08-31,20.6,2.6
2016-09-01,20.3,23.0
2016-09-02,20.2,3.5
2016-09-03,20.6,14.7
2016-09-04,20.9,0.6
2016-09-05,21.1,0.1
2016-09-06,21.0,1.1
2016-09-07,20.5,11.9
2016-09-08,21.0,1.6
2016-09-09,21.3,10.2
2016-09-10,21.0,3.0
2016-09-11,20.6,10.6
2016-09-12,20.0,5.6
2016-09-13,20.3,10.2
2016-09-14,20.6,6.4
2016-09-15,21.4,4.0
2016-09-16,21.1,0.6
2016-09-17,20.6,0.0
2016-09-18,21.1,2.6
2016-09-19,21.4,0.4
2016-09-20,21.4,0.0
2016-09-21,20.0,3.5
2016-09-22,20.8,2.2
2016-09-23,20.8,1.3
2016-09-24,21.0,1.3
2016-09-25,20.9,5.0
2016-09-26,20.5,1.0
2016-09-27,20.7,2.7
2016-09-28,20.3,1.8
2016-09-29,20.6,13.1
2016-09-30,20.7,51.3
2016-10-01,19.8,72.5
2016-10-02,21.0,16.8
2016-10-03,21.4,3.3
2016-10-04,20.6,14.3
2016-10-05,21.6,5.3
2016-10-06,20.4,10.9
2016-10-07,19.9,12.7
2016-10-08,20.6,10.5
2016-10-09,20.4,36.4
2016-10-10,21.0,11.5
2016-10-11,20.9,2.3
2016-10-12,21.1,0.3
2016-10-13,20.7,1.4
2016-10-14,21.6,3.3
2016-10-15,22.0,1.1
2016-10-16,21.1,4.6
2016-10-17,21.4,7.1
2016-10-18,20.2,47.9
2016-10-19,20.9,0.3
2016-10-20,20.8,2.9
2016-10-21,20.7,1.3
2016-10-22,20.1,51.1
2016-10-23,20.3,37.0
2016-10-24,20.7,34.7
2016-10-25,19.4,43.2
2016-10-26,19.9,8.7
2016-10-27,20.7,20.8
2016-10-28,21.1,46.2
2016-10-29,20.0,30.1
2016-10-30,20.7,10.6
2016-10-31,20.1,19.0
2016-11-01,19.5,30.0
2016-11-02,20.4,15.0
2016-11-03,21.1,1.7
2016-11-04,22.5,3.1
2016-11-05,22.1,0.0
2016-11-06,20.8,0.3
2016-11-07,20.8,3.4
2016-11-08,21.4,9.0
2016-11-09,21.3,36.0
2016-11-10,20.4,11.2
2016-11-11,20.9,3.9
2016-11-12,20.7,2.3
2016-11-13,20.7,12.0
2016-11-14,20.1,86.3
2016-11-15,20.1,12.4
2016-11-16,20.2,17.2
2016-11-17,20.0,7.0
2016-11-18,20.7,7.9
2016-11-19,19.7,26.1
2016-11-20,19.7,8.3
2016-11-21,19.9,0.0
2016-11-22,20.6,0.0
2016-11-23,21.2,0.3
2016-11-24,20.8,9.3
2016-11-25,20.8,22.7
2016-11-26,21.3,11.9
2016-11-27,21.2,14.7
2016-11-28,21.4,12.0
2016-11-29,21.5,38.4
2016-11-30,21.7,1.2
2016-12-01,20.8,15.7
2016-12-02,20.0,9.5
2016-12-03,20.6,3.6
2016-12-04,20.4,8.2
2016-12-05,20.4,5.1
2016-12-06,20.7,3.9
2016-12-07,20.2,23.8
2016-12-08,20.5,19.3
2016-12-09,19.8,20.5
2016-12-10,20.7,11.6
2016-12-11,21.3,0.0
2016-12-12,20.8,0.1
2016-12-13,21.2,0.3
2016-12-14,21.0,5.8
2016-12-15,21.3,0.7
2016-12-16,21.1,8.2
2016-12-17,21.1,15.6
2016-12-18,21.4,0.6
2016-12-19,19.9,3.7
2016-12-20,19.9,8.8
2016-12-21,19.8,63.1
2016-12-22,19.8,45.7
2016-12-23,20.2,3.4
2016-12-24,20.4,14.5
2016-12-25,20.7,13.4
2016-12-26,20.6,9.2
2016-12-27,20.8,4.6
2016-12-28,21.4,10.4
2016-12-29,21.3,4.6
2016-12-30,21.3,7.5
2016-12-31,21.0,5.2
2017-01-01,20.8,16.6
2017-01-02,20.9,27.3
2017-01-03,21.8,17.7
2017-01-04,21.2,4.5
2017-01-05,21.2,13.8
2017-01-06,21.0,7.5
2017-01-07,21.3,6.0
2017-01-08,20.4,29.4
2017-01-09,20.9,13.0
2017-01-10,20.6,22.9
2017-01-11,20.3,21.9
2017-01-12,20.7,15.4
2017-01-13,20.9,19.5
2017-01-14,19.7,16.9
2017-01-15,21.1,2.2
2017-01-16,20.8,5.9
2017-01-17,20.4,11.9
2017-01-18,20.6,8.1
2017-01-19,21.3,12.3
2017-01-20,20.9,6.9
2017-01-21,19.2,25.0
2017-01-22,19.9,0.0
2017-01-23,20.5,0.0
2017-01-24,20.2,1.7
2017-01-25,21.0,2.3
2017-01-26,20.5,16.4
2017-01-27,20.7,31.8
2017-01-28,21.1,26.3
2017-01-29,21.2,22.7
2017-01-30,20.7,46.1
2017-01-31,20.7,40.0
2017-02-01,21.1,22.6
2017-02-02,21.5,5.6
2017-02-03,21.2,16.2
2017-02-04,21.9,10.8
2017-02-05,22.0,8.4
2017-02-06,22.0,8.6
2017-02-07,21.9,13.2
2017-02-08,21.7,6.4
2017-02-09,21.9,5.1
2017-02-10,21.8,8.0
2017-02-11,22.4,1.5
2017-02-12,20.6,8.7
2017-02-13,21.3,0.5
2017-02-14,21.1,0.0
2017-02-15,21.1,0.0
2017-02-16,21.7,0.9
2017-02-17,21.2,0.4
2017-02-18,21.5,1.6
2017-02-19,21.2,2.4
2017-02-20,21.3,9.6
2017-02-21,21.5,4.9
2017-02-22,20.3,0.4
2017-02-23,21.1,0.0
2017-02-24,21.0,1.2
2017-02-25,21.2,16.3
2017-02-26,20.6,5.7
2017-02-27,20.9,2.7
2017-02-28,20.8,11.0
2017-03-01,21.0,7.2
2017-03-02,21.2,12.4
2017-03-03,21.4,12.3
2017-03-04,21.4,21.7
2017-03-05,21.3,36.6
2017-03-06,21.5,30.4
2017-03-07,20.8,31.3
2017-03-08,20.2,29.1
2017-03-09,21.3,11.9
2017-03-10,21.0,27.7
2017-03-11,21.3,18.1
2017-03-12,20.4,20.2
2017-03-13,21.6,15.2
2017-03-14,20.9,11.8
2017-03-15,19.9,9.3
2017-03-16,21.4,8.7
2017-03-17,20.8,6.8
2017-03-18,21.1,15.2
2017-03-19,20.8,5.5
2017-03-20,21.6,4.4
2017-03-21,21.9,4.0
2017-03-22,21.4,13.2
2017-03-23,21.2,20.0
2017-03-24,20.7,20.3
2017-03-25,21.5,9.5
2017-03-26,20.2,16.6
2017-03-27,21.5,0.6
2017-03-28,21.8,12.1
2017-03-29,21.1,12.5
2017-03-30,20.7,21.9
2017-03-31,19.6,25.5
2017-04-01,21.1,16.6
2017-04-02,22.0,10.3
2017-04-03,22.0,20.5
2017-04-04,22.1,6.8
2017-04-05,22.3,20.3
2017-04-06,22.5,5.8
2017-04-07,21.7,28.6
2017-04-08,21.0,39.6
2017-04-09,20.2,29.3
2017-04-10,21.7,15.6
2017-04-11,21.8,8.1
2017-04-12,21.6,11.0
2017-04-13,22.5,42.2
2017-04-14,20.6,57.1
2017-04-15,22.1,20.8
2017-04-16,22.1,41.7
2017-04-17,21.1,30.8
2017-04-18,22.0,13.0
2017-04-19,20.4,29.2
2017-04-20,20.8,16.2
2017-04-21,21.4,0.2
2017-04-22,22.4,3.6
2017-04-23,22.6,13.3
2017-04-24,21.3,27.6
2017-04-25,21.7,11.8
2017-04-26,20.6,15.7
2017-04-27,22.0,5.1
2017-04-28,22.2,23.6
2017-04-29,21.6,28.4
2017-04-30,20.5,62.5
2017-05-01,20.5,22.9
2017-05-02,21.4,21.3
2017-05-03,21.2,18.9
2017-05-04,21.7,1.4
2017-05-05,21.4,17.1
2017-05-06,20.4,54.6
2017-05-07,20.8,8.5
2017-05-08,20.9,5.9
2017-05-09,21.1,9.9
2017-05-10,20.5,23.6
2017-05-11,20.7,8.8
2017-05-12,21.4,6.8
2017-05-13,21.5,7.4
2017-05-14,21.1,13.5
2017-05-15,21.7,14.3
2017-05-16,20.8,18.8
2017-05-17,21.6,10.4
2017-05-18,21.1,49.8
2017-05-19,22.2,16.9
2017-05-20,21.0,34.1
2017-05-21,20.7,32.4
2017-05-22,21.1,14.4
2017-05-23,21.3,2.3
2017-05-24,22.3,13.1
2017-05-25,22.0,23.8
2017-05-26,21.8,19.8
2017-05-27,21.4,27.6
2017-05-28,22.1,22.0
2017-05-29,21.2,29.9
2017-05-30,21.6,22.9
2017-05-31,21.0,27.8
2017-06-01,21.5,13.7
2017-06-02,21.9,8.8
2017-06-03,22.1,18.9
2017-06-04,21.5,19.5
2017-06-05,22.3,10.3
2017-06-06,21.8,10.0
2017-06-07,19.9,35.8
2017-06-08,20.8,16.7
2017-06-09,21.9,12.1
2017-06-10,21.6,17.6
2017-06-11,20.8,20.9
2017-06-12,20.3,7.8
2017-06-13,20.9,7.7
2017-06-14,20.8,9.9
2017-06-15,20.4,26.8
2017-06-16,21.2,20.3
2017-06-17,20.6,21.9
2017-06-18,20.6,16.3
2017-06-19,20.6,16.3
2017-06-20,20.9,11.5
2017-06-21,20.7,44.1
2017-06-22,20.6,18.9
2017-06-23,20.8,7.9
2017-06-24,21.4,26.5
2017-06-25,20.4,45.0
2017-06-26,21.3,30.3
2017-06-27,20.3,18.0
2017-06-28,20.7,19.7
2017-06-29,21.1,12.0
2017-06-30,21.5,25.1
2017-07-01,21.6,0.7
2017-07-02,21.5,39.9
2017-07-03,21.0,16.2
2017-07-04,21.5,17.4
2017-07-05,21.4,21.1
2017-07-06,21.7,18.0
2017-07-07,21.7,25.2
2017-07-08,21.3,14.9
2017-07-09,21.3,35.2
2017-07-10,20.4,23.8
2017-07-11,20.5,27.6
2017-07-12,21.4,25.9
2017-07-13,21.6,21.6
2017-07-14,20.6,15.6
2017-07-15,21.0,20.5
2017-07-16,21.7,2.9
2017-07-17,21.3,10.5
2017-07-18,21.0,29.3
2017-07-19,21.4,45.6
2017-07-20,21.1,20.4
2017-07-21,21.1,33.4
2017-07-22,21.1,35.5
2017-07-23,21.2,14.6
2017-07-24,21.6,17.1
2017-07-25,21.9,15.5
2017-07-26,22.0,5.9
2017-07-27,21.4,23.0
2017-07-28,21.6,47.6
2017-07-29,20.7,18.7
2017-07-30,20.4,31.9
2017-07-31,20.7,23.7
2017-08-01,21.0,13.7
2017-08-02,21.5,0.3
2017-08-03,22.2,7.5
2017-08-04,20.5,27.1
2017-08-05,21.2,11.6
2017-08-06,21.4,19.6
2017-08-07,21.2,36.8
2017-08-08,21.4,10.5
2017-08-09,21.1,40.3
2017-08-10,21.4,8.3
2017-08-11,20.8,32.9
2017-08-12,20.9,14.9
2017-08-13,21.3,18.5
2017-08-14,21.6,3.1
2017-08-15,21.2,16.2
2017-08-16,21.0,25.3
2017-08-17,21.8,8.7
2017-08-18,20.5,18.8
2017-08-19,21.1,13.1
2017-08-20,20.5,27.1
2017-08-21,21.0,25.1
2017-08-22,21.3,10.2
2017-08-23,21.4,23.1
2017-08-24,20.7,19.9
2017-08-25,20.6,15.0
2017-08-26,21.0,21.4
2017-08-27,21.1,24.2
2017-08-28,20.6,26.2
2017-08-29,20.4,17.2
2017-08-30,21.0,17.5
2017-08-31,21.3,12.4
2017-09-01,21.9,0.8
2017-09-02,21.4,18.8
2017-09-03,21.8,10.8
2017-09-04,22.0,6.7
2017-09-05,21.6,7.1
2017-09-06,21.1,35.4
2017-09-07,21.6,8.2
2017-09-08,20.3,12.0
2017-09-09,21.2,8.9
2017-09-10,20.8,17.8
2017-09-11,21.7,3.2
2017-09-12,20.8,34.4
2017-09-13,21.5,28.0
2017-09-14,22.0,20.8
2017-09-15,21.3,15.7
2017-09-16,21.4,38.1
2017-09-17,21.3,22.9
2017-09-18,21.9,16.8
2017-09-19,22.1,22.7
2017-09-20,21.8,9.8
2017-09-21,21.8,9.6
2017-09-22,22.4,23.7
2017-09-23,21.6,27.5
2017-09-24,21.4,39.5
2017-09-25,21.1,49.0
2017-09-26,21.3,17.0
2017-09-27,22.0,8.1
2017-09-28,21.1,22.8
2017-09-29,21.5,25.1
2017-09-30,20.5,15.9
2017-10-01,21.0,17.4
2017-10-02,20.7,5.8
2017-10-03,21.0,10.8
2017-10-04,20.1,18.0
2017-10-05,19.6,21.3
2017-10-06,20.5,11.5
2017-10-07,21.0,24.7
2017-10-08,21.3,11.2
2017-10-09,20.7,4.3
2017-10-10,21.5,5.9
2017-10-11,21.2,13.2
2017-10-12,21.5,15.3
2017-10-13,20.7,20.2
2017-10-14,21.0,21.5
2017-10-15,21.4,30.1
2017-10-16,22.2,11.2
2017-10-17,23.1,10.3
2017-10-18,22.2,3.6
2017-10-19,21.7,19.7
2017-10-20,21.3,5.0
2017-10-21,21.2,20.9
2017-10-22,20.6,22.4
2017-10-23,21.2,48.8
2017-10-24,19.4,26.0
2017-10-25,20.7,8.1
2017-10-26,21.7,0.7
2017-10-27,21.4,7.1
2017-10-28,20.1,14.2
2017-10-29,20.5,0.5
2017-10-30,20.4,12.8
2017-10-31,20.8,15.2
2017-11-01,21.6,8.5
2017-11-02,21.1,8.0
2017-11-03,21.2,18.1
2017-11-04,20.3,9.2
2017-11-05,21.4,0.9
2017-11-06,21.7,11.2
2017-11-07,21.6,3.4
2017-11-08,21.3,1.3
2017-11-09,21.2,17.6
2017-11-10,21.6,11.5
2017-11-11,21.7,21.1
2017-11-12,21.0,7.3
2017-11-13,20.6,30.7
2017-11-14,20.9,29.5
2017-11-15,20.0,12.3
2017-11-16,21.1,7.3
2017-11-17,19.8,54.3
2017-11-18,21.4,0.3
2017-11-19,20.6,17.6
2017-11-20,20.2,9.0
2017-11-21,20.9,2.6
2017-11-22,21.3,6.5
2017-11-23,21.0,5.4
2017-11-24,20.7,6.5
2017-11-25,21.1,8.4
2017-11-26,21.3,13.3
2017-11-27,21.1,10.3
2017-11-28,21.5,8.6
2017-11-29,21.2,7.1
2017-11-30,21.6,7.6
2017-12-01,21.5,44.2
2017-12-02,21.0,4.9
2017-12-03,21.1,23.6
2017-12-04,21.3,36.3
2017-12-05,21.7,35.5
2017-12-06,22.0,9.1
2017-12-07,21.4,27.6
2017-12-08,20.9,14.6
2017-12-09,20.9,4.6
2017-12-10,20.4,15.8
2017-12-11,20.1,18.4
2017-12-12,19.5,10.7
2017-12-13,21.1,0.0
2017-12-14,21.6,2.5
2017-12-15,21.6,19.4
2017-12-16,21.4,19.6
2017-12-17,21.7,3.5
2017-12-18,21.3,7.4
2017-12-19,21.5,7.6
2017-12-20,21.3,8.7
2017-12-21,21.4,11.1
2017-12-22,21.3,14.7
2017-12-23,20.9,10.7
2017-12-24,20.8,20.7
2017-12-25,20.9,10.8
2017-12-26,20.3,15.0
2017-12-27,20.4,8.2
2017-12-28,20.2,12.4
2017-12-29,20.3,3.6
2017-12-30,20.8,4.8
2017-12-31,20.1,7.0
2018-01-01,19.1,31.2
2018-01-02,21.1,7.5
2018-01-03,21.0,7.1
2018-01-04,20.9,5.7
2018-01-05,20.6,11.2
2018-01-06,21.0,4.7
2018-01-07,21.0,8.4
2018-01-08,21.0,10.4
2018-01-09,20.1,27.6
2018-01-10,20.6,1.0
2018-01-11,21.0,19.6
2018-01-12,20.1,26.8
2018-01-13,19.6,15.8
2018-01-14,19.7,21.2
2018-01-15,20.1,20.7
2018-01-16,20.4,7.7
2018-01-17,19.9,15.6
2018-01-18,19.7,34.3
2018-01-19,20.0,27.4
2018-01-20,20.5,40.6
2018-01-21,20.7,24.0
2018-01-22,20.4,14.6
2018-01-23,19.5,17.0
2018-01-24,20.6,5.7
2018-01-25,20.9,22.9
2018-01-26,20.4,10.5
2018-01-27,21.5,4.3
2018-01-28,20.9,12.9
2018-01-29,21.3,11.2
2018-01-30,21.2,18.5
2018-01-31,21.7,11.8
2018-02-01,21.1,23.5
2018-02-02,20.8,23.8
2018-02-03,21.3,9.7
2018-02-04,21.7,4.4
2018-02-05,21.2,19.6
2018-02-06,21.6,8.5
2018-02-07,21.8,5.3
2018-02-08,21.9,1.2
2018-02-09,22.1,11.5
2018-02-10,21.4,11.9
2018-02-11,20.8,16.2
2018-02-12,21.4,6.2
2018-02-13,21.4,8.4
2018-02-14,21.4,21.0
2018-02-15,21.4,30.6
2018-02-16,21.4,21.0
2018-02-17,21.0,21.5
2018-02-18,21.1,11.7
2018-02-19,20.8,4.1
2018-02-20,21.6,1.4
2018-02-21,21.0,5.6
2018-02-22,20.6,3.9
2018-02-23,20.9,0.7
2018-02-24,20.2,1.9
2018-02-25,20.9,0.0
2018-02-26,20.8,0.0
2018-02-27,20.7,1.4
2018-02-28,21.3,0.0
2018-03-01,21.5,2.9
2018-03-02,21.0,20.3
2018-03-03,21.1,14.9
2018-03-04,20.7,25.0
2018-03-05,20.2,16.7
2018-03-06,20.8,24.6
2018-03-07,21.2,20.5
2018-03-08,21.2,11.0
2018-03-09,21.9,8.1
2018-03-10,22.4,2.1
2018-03-11,22.9,2.3
2018-03-12,22.5,3.4
2018-03-13,21.7,17.3
2018-03-14,21.9,9.4
2018-03-15,21.5,18.9
2018-03-16,21.6,8.1
2018-03-17,21.6,7.9
2018-03-18,21.4,4.2
2018-03-19,21.3,9.0
2018-03-20,21.3,20.5
2018-03-21,21.4,27.2
2018-03-22,21.3,36.8
2018-03-23,21.4,26.2
2018-03-24,20.6,12.9
2018-03-25,21.6,6.7
2018-03-26,22.0,18.9
2018-03-27,21.4,19.6
2018-03-28,21.4,7.3
2018-03-29,20.8,43.0
2018-03-30,20.5,27.7
2018-03-31,20.6,24.1
2018-04-01,21.1,19.4
2018-04-02,21.0,13.4
2018-04-03,21.1,23.4
2018-04-04,20.3,18.0
2018-04-05,20.6,14.2
2018-04-06,20.1,13.7
2018-04-07,21.4,0.3
2018-04-08,21.9,0.2
2018-04-09,21.5,7.5
2018-04-10,20.5,11.0
2018-04-11,20.6,12.6
2018-04-12,20.5,13.4
2018-04-13,20.9,18.3
2018-04-14,20.6,3.3
2018-04-15,21.2,26.2
2018-04-16,21.3,36.2
2018-04-17,20.9,9.1
2018-04-18,21.2,18.8
2018-04-19,21.6,21.8
2018-04-20,20.6,21.0
2018-04-21,21.5,21.3
2018-04-22,20.5,41.7
2018-04-23,21.0,16.4
2018-04-24,21.1,23.6
2018-04-25,20.3,19.9
2018-04-26,21.0,24.4
2018-04-27,20.2,30.5
2018-04-28,20.6,34.9
2018-04-29,19.5,22.8
2018-04-30,20.9,1.7
2018-05-01,20.9,16.8
2018-05-02,21.7,22.7
2018-05-03,21.4,10.7
2018-05-04,21.7,14.2
2018-05-05,21.2,11.2
2018-05-06,20.8,27.3
2018-05-07,20.5,17.9
2018-05-08,20.7,4.9
2018-05-09,21.0,9.1
2018-05-10,21.1,15.1
2018-05-11,21.0,13.7
2018-05-12,21.2,35.3
2018-05-13,19.2,23.2
2018-05-14,20.3,3.6
2018-05-15,21.1,4.3
2018-05-16,21.1,17.3
2018-05-17,20.4,42.5
2018-05-18,20.8,33.7
2018-05-19,21.0,14.7
2018-05-20,20.6,26.3
2018-05-21,20.5,18.8
2018-05-22,20.9,16.9
2018-05-23,19.5,32.3
2018-05-24,20.3,29.9
2018-05-25,21.0,12.8
2018-05-26,20.5,48.9
2018-05-27,20.5,36.3
2018-05-28,20.3,18.8
2018-05-29,21.1,2.9
2018-05-30,20.7,22.4
2018-05-31,21.7,31.6
2018-06-01,20.8,25.8
2018-06-02,21.3,16.4
2018-06-03,21.1,55.9
2018-06-04,20.5,29.4
2018-06-05,20.9,43.8
2018-06-06,20.6,15.5
2018-06-07,21.2,16.9
2018-06-08,21.7,16.6
2018-06-09,21.1,33.3
2018-06-10,20.4,70.7
2018-06-11,20.8,32.5
2018-06-12,21.1,42.3
2018-06-13,21.2,5.9
2018-06-14,21.0,30.5
2018-06-15,21.0,44.3
2018-06-16,20.8,27.5
2018-06-17,21.2,2.4
2018-06-18,21.4,55.6
2018-06-19,20.9,43.0
2018-06-20,20.8,26.8
2018-06-21,20.5,15.2
2018-06-22,20.9,9.9
2018-06-23,19.9,44.8
2018-06-24,20.1,50.5
2018-06-25,20.4,58.6
2018-06-26,20.1,40.8
2018-06-27,19.8,58.1
2018-06-28,19.9,35.7
2018-06-29,19.6,25.7
2018-06-30,19.3,25.1
2018-07-01,20.2,10.6
2018-07-02,20.1,6.1
2018-07-03,20.9,6.9
2018-07-04,21.1,17.0
2018-07-05,20.4,31.9
2018-07-06,20.8,37.0
2018-07-07,20.9,33.0
2018-07-08,21.0,11.2
2018-07-09,21.5,6.2
2018-07-10,21.1,38.3
2018-07-11,21.1,16.1
2018-07-12,21.3,23.6
2018-07-13,21.3,8.7
2018-07-14,21.2,6.4
2018-07-15,21.2,20.5
2018-07-16,21.4,10.7
2018-07-17,21.0,41.6
2018-07-18,21.0,44.7
2018-07-19,21.3,45.4
2018-07-20,21.0,46.9
2018-07-21,21.1,83.6
2018-07-22,20.7,46.4
2018-07-23,20.5,47.4
2018-07-24,19.8,51.3
2018-07-25,20.9,6.5
2018-07-26,20.8,55.8
2018-07-27,20.1,37.1
2018-07-28,20.6,32.5
2018-07-29,20.1,60.2
2018-07-30,19.5,32.5
2018-07-31,20.5,21.7
2018-08-01,20.8,29.3
2018-08-02,21.2,26.4
2018-08-03,20.5,54.6
2018-08-04,20.6,19.4
2018-08-05,21.2,0.9
2018-08-06,21.8,12.1
2018-08-07,22.0,6.6
2018-08-08,22.0,5.2
2018-08-09,22.1,2.9
2018-08-10,21.7,0.4
2018-08-11,21.3,0.0
2018-08-12,21.3,1.6
2018-08-13,20.9,20.9
2018-08-14,20.0,43.4
2018-08-15,20.8,21.0
2018-08-16,21.7,14.2
2018-08-17,21.3,12.8
2018-08-18,21.1,15.1
2018-08-19,21.3,5.3
2018-08-20,21.5,22.8
2018-08-21,21.1,12.8
2018-08-22,21.7,21.2
2018-08-23,21.3,31.6
2018-08-24,21.2,57.2
2018-08-25,20.9,23.0
2018-08-26,20.9,12.9
2018-08-27,21.3,25.7
2018-08-28,21.1,22.7
2018-08-29,20.7,45.0
2018-08-30,21.2,45.0
2018-08-31,21.0,49.9
2018-09-01,21.0,7.9
2018-09-02,21.0,19.3
2018-09-03,21.4,28.0
2018-09-04,21.3,18.7
2018-09-05,21.2,26.2
2018-09-06,21.1,30.1
2018-09-07,20.1,17.5
2018-09-08,21.3,16.2
2018-09-09,21.5,8.9
2018-09-10,21.7,19.8
2018-09-11,21.5,23.8
2018-09-12,20.9,19.2
2018-09-13,19.5,26.0
2018-09-14,19.9,16.8
2018-09-15,19.9,25.0
2018-09-16,20.0,5.3
2018-09-17,21.1,4.2
2018-09-18,21.3,7.4
2018-09-19,21.1,40.1
2018-09-20,22.0,10.1
2018-09-21,21.6,11.9
2018-09-22,21.4,12.1
2018-09-23,21.1,38.7
2018-09-24,21.6,16.9
2018-09-25,21.1,12.5
2018-09-26,21.3,48.4
2018-09-27,21.1,26.8
2018-09-28,21.5,10.9
2018-09-29,22.0,7.2
2018-09-30,22.3,4.7
2018-10-01,22.7,25.8
2018-10-02,22.1,7.2
2018-10-03,22.5,12.9
2018-10-04,21.5,19.0
2018-10-05,21.2,36.6
2018-10-06,20.9,4.2
2018-10-07,21.6,5.4
2018-10-08,21.0,7.2
2018-10-09,20.5,9.1
2018-10-10,21.2,2.4
2018-10-11,21.0,2.7
2018-10-12,21.6,2.5
2018-10-13,21.5,0.7
2018-10-14,21.6,0.7
2018-10-15,21.6,4.6
2018-10-16,20.7,11.9
2018-10-17,20.7,26.7
2018-10-18,20.8,14.8
2018-10-19,22.0,1.0
2018-10-20,21.5,5.5
2018-10-21,20.8,0.1
2018-10-22,20.7,13.4
2018-10-23,21.2,2.7
2018-10-24,21.2,37.8
2018-10-25,22.0,3.2
2018-10-26,21.6,9.7
2018-10-27,21.3,18.5
2018-10-28,21.3,34.4
2018-10-29,20.1,28.4
2018-10-30,21.0,14.4
2018-10-31,21.6,14.6
2018-11-01,20.8,23.0
2018-11-02,20.1,19.1
2018-11-03,20.5,7.1
2018-11-04,20.3,14.5
2018-11-05,20.6,8.9
2018-11-06,21.6,2.5
2018-11-07,22.4,6.9
2018-11-08,21.4,32.0
2018-11-09,20.6,23.6
2018-11-10,21.4,8.8
2018-11-11,20.7,11.1
2018-11-12,20.9,20.8
2018-11-13,20.6,41.6
2018-11-14,20.7,20.7
2018-11-15,21.5,10.4
2018-11-16,21.4,14.4
2018-11-17,21.3,7.4
2018-11-18,21.5,19.4
2018-11-19,21.8,19.5
2018-11-20,21.8,12.4
2018-11-21,20.6,24.2
2018-11-22,21.8,3.8
2018-11-23,21.7,3.1
2018-11-24,21.6,25.8
2018-11-25,21.6,9.3
2018-11-26,20.9,17.4
2018-11-27,20.6,10.9
2018-11-28,21.2,0.7
2018-11-29,21.6,2.1
2018-11-30,20.5,21.5
2018-12-01,21.0,7.4
2018-12-02,21.4,17.9
2018-12-03,21.3,14.1
2018-12-04,20.8,20.0
2018-12-05,20.5,3.8
2018-12-06,21.1,10.0
2018-12-07,20.8,11.1
2018-12-08,21.3,35.7
2018-12-09,21.4,21.9
2018-12-10,21.5,1.4
2018-12-11,21.0,16.5
2018-12-12,21.1,45.4
2018-12-13,20.9,70.9
2018-12-14,20.0,20.8
2018-12-15,21.0,8.0
2018-12-16,21.5,26.7
2018-12-17,21.6,11.5
2018-12-18,21.4,13.1
2018-12-19,21.1,31.6
2018-12-20,20.7,22.9
2018-12-21,20.6,23.0
2018-12-22,21.0,3.8
2018-12-23,21.2,7.7
2018-12-24,21.0,19.6
2018-12-25,21.1,17.9
2018-12-26,21.1,11.9
2018-12-27,21.1,11.2
2018-12-28,22.0,25.5
2018-12-29,21.9,9.1
2018-12-30,21.2,11.6
2018-12-31,21.3,4.4
2019-01-01,22.3,4.0
2019-01-02,22.3,3.6
2019-01-03,22.1,4.1
2019-01-04,22.5,4.9
2019-01-05,22.2,12.0
2019-01-06,22.3,7.0
2019-01-07,20.7,17.0
2019-01-08,21.3,17.5
2019-01-09,19.8,12.2
2019-01-10,20.3,3.7
2019-01-11,20.7,4.0
2019-01-12,20.7,2.8
2019-01-13,20.4,2.2
2019-01-14,20.6,14.4
2019-01-15,21.2,12.3
2019-01-16,20.6,27.8
2019-01-17,21.1,17.2
2019-01-18,21.3,16.6
2019-01-19,21.2,25.8
2019-01-20,21.1,19.8
2019-01-21,21.6,18.6
2019-01-22,22.5,5.9
2019-01-23,22.2,7.3
2019-01-24,21.8,10.6
2019-01-25,21.7,21.9
2019-01-26,22.6,13.7
2019-01-27,21.8,5.5
2019-01-28,20.9,23.6
2019-01-29,21.6,2.4
2019-01-30,21.9,20.0
2019-01-31,21.3,15.2
2019-02-01,20.5,19.3
2019-02-02,21.2,17.4
2019-02-03,21.7,37.6
2019-02-04,21.4,39.1
2019-02-05,21.8,25.7
2019-02-06,21.8,17.3
2019-02-07,21.8,26.8
2019-02-08,21.5,29.7
2019-02-09,21.3,22.4
2019-02-10,21.5,16.3
2019-02-11,21.5,31.3
2019-02-12,21.5,33.9
2019-02-13,21.6,7.9
2019-02-14,21.7,24.1
2019-02-15,22.5,9.0
2019-02-16,22.0,20.4
2019-02-17,21.6,13.5
2019-02-18,21.4,18.6
2019-02-19,20.8,30.5
2019-02-20,21.4,21.9
2019-02-21,21.4,27.0
2019-02-22,21.7,17.3
2019-02-23,21.2,20.2
2019-02-24,20.5,34.9
2019-02-25,21.6,17.6
2019-02-26,21.3,6.0
2019-02-27,21.1,4.2
2019-02-28,21.9,3.3
2019-03-01,22.1,5.0
2019-03-02,21.8,4.9
2019-03-03,21.7,8.1
2019-03-04,21.8,12.5
2019-03-05,21.7,16.1
2019-03-06,21.5,15.4
2019-03-07,21.1,26.5
2019-03-08,21.4,17.1
2019-03-09,21.7,6.3
2019-03-10,21.0,30.9
2019-03-11,21.6,32.1
2019-03-12,21.9,10.6
2019-03-13,22.2,10.4
2019-03-14,21.2,16.9
2019-03-15,22.0,8.0
2019-03-16,22.2,17.0
2019-03-17,21.7,15.0
2019-03-18,21.6,25.5
2019-03-19,20.3,30.7
2019-03-20,21.9,0.2
2019-03-21,22.1,9.9
2019-03-22,21.1,11.3
2019-03-23,21.7,9.2
2019-03-24,21.3,19.4
2019-03-25,22.5,2.0
2019-03-26,21.7,14.7
2019-03-27,22.5,10.1
2019-03-28,21.9,11.5
2019-03-29,21.1,20.7
2019-03-30,22.0,11.3
2019-03-31,22.0,11.6
2019-04-01,20.7,32.0
2019-04-02,20.8,14.7
2019-04-03,21.5,8.5
2019-04-04,21.2,13.5
2019-04-05,21.6,30.5
2019-04-06,21.7,25.4
2019-04-07,21.3,24.2
2019-04-08,22.1,20.6
2019-04-09,21.4,16.7
2019-04-10,21.5,23.1
2019-04-11,22.2,12.8
2019-04-12,22.0,31.6
2019-04-13,20.8,24.9
2019-04-14,21.5,20.3
2019-04-15,20.6,29.3
2019-04-16,22.0,6.6
2019-04-17,21.4,13.6
2019-04-18,21.3,11.6
2019-04-19,21.0,14.2
2019-04-20,21.4,24.9
2019-04-21,20.7,22.8
2019-04-22,21.6,5.2
2019-04-23,21.6,26.9
2019-04-24,21.9,8.7
2019-04-25,21.7,19.2
2019-04-26,21.9,28.3
2019-04-27,22.4,1.4
2019-04-28,22.1,10.6
2019-04-29,21.2,29.5
2019-04-30,21.5,35.4
2019-05-01,22.6,11.9
2019-05-02,22.1,16.6
2019-05-03,21.0,17.4
2019-05-04,21.6,34.1
2019-05-05,22.2,43.3
2019-05-06,21.5,8.7
2019-05-07,21.8,11.6
2019-05-08,21.2,29.5
2019-05-09,20.5,27.1
2019-05-10,20.1,13.1
2019-05-11,21.6,17.3
2019-05-12,21.3,17.7
2019-05-13,20.8,67.3
2019-05-14,20.7,64.0
2019-05-15,20.7,37.8
2019-05-16,21.1,29.4
2019-05-17,20.6,26.1
2019-05-18,21.3,7.9
2019-05-19,20.2,14.0
2019-05-20,20.7,2.9
2019-05-21,21.1,3.8
2019-05-22,21.2,12.8
2019-05-23,20.5,38.6
2019-05-24,21.7,11.6
2019-05-25,20.4,37.9
2019-05-26,21.3,0.5
2019-05-27,20.9,26.0
2019-05-28,20.0,23.0
2019-05-29,20.6,19.9
2019-05-30,20.3,25.3
2019-05-31,20.7,8.9
2019-06-01,20.7,8.9
2019-06-02,21.6,4.4
2019-06-03,21.4,3.5
2019-06-04,21.4,36.1
2019-06-05,21.5,20.9
2019-06-06,20.9,47.0
2019-06-07,20.0,27.8
2019-06-08,21.2,16.2
2019-06-09,20.6,34.9
2019-06-10,20.7,24.6
2019-06-11,20.5,21.2
2019-06-12,21.4,51.7
2019-06-13,20.8,23.2
2019-06-14,21.1,31.6
2019-06-15,21.3,27.8
2019-06-16,21.1,14.9
2019-06-17,22.3,0.4
2019-06-18,22.7,0.3
2019-06-19,21.9,0.1
2019-06-20,21.8,3.0
2019-06-21,21.5,0.2
2019-06-22,21.5,0.3
2019-06-23,21.6,20.5
2019-06-24,20.9,66.6
2019-06-25,20.3,37.3
2019-06-26,22.0,7.9
2019-06-27,22.2,12.2
2019-06-28,21.6,21.2
2019-06-29,21.9,20.7
2019-06-30,21.0,50.3
2019-07-01,20.6,64.7
2019-07-02,20.6,29.1
2019-07-03,21.8,4.0
2019-07-04,22.2,3.0
2019-07-05,21.6,15.8
2019-07-06,22.7,1.5
2019-07-07,21.5,12.3
2019-07-08,21.2,43.5
2019-07-09,20.8,25.9
2019-07-10,20.9,16.9
2019-07-11,20.9,22.5
2019-07-12,20.7,13.9
2019-07-13,20.8,14.8
2019-07-14,20.9,35.9
2019-07-15,20.4,16.8
2019-07-16,20.8,11.9
2019-07-17,22.0,8.6
2019-07-18,21.7,7.9
2019-07-19,21.9,7.9
2019-07-20,22.0,34.3
2019-07-21,21.9,10.6
2019-07-22,20.9,32.5
2019-07-23,20.6,75.9
2019-07-24,20.5,29.5
2019-07-25,20.5,53.3
2019-07-26,20.5,30.5
2019-07-27,21.1,22.8
2019-07-28,21.4,13.4
2019-07-29,21.2,3.2
2019-07-30,21.7,19.3
2019-07-31,21.9,6.0
2019-08-01,21.6,22.7
2019-08-02,21.1,28.0
2019-08-03,21.3,54.3
2019-08-04,21.6,24.0
2019-08-05,22.3,2.4
2019-08-06,21.8,9.7
2019-08-07,21.6,21.5
2019-08-08,21.5,13.0
2019-08-09,22.1,3.1
2019-08-10,22.5,8.6
2019-08-11,22.0,29.2
2019-08-12,22.4,10.2
2019-08-13,22.3,13.8
2019-08-14,22.2,1.2
2019-08-15,21.5,11.7
2019-08-16,20.5,17.7
2019-08-17,20.1,5.1
2019-08-18,21.7,6.1
2019-08-19,22.1,5.8
2019-08-20,21.9,24.5
2019-08-21,21.9,0.6
2019-08-22,21.8,0.8
2019-08-23,22.3,7.0
2019-08-24,22.9,3.0
2019-08-25,22.7,1.3
2019-08-26,22.9,0.1
2019-08-27,23.2,0.4
2019-08-28,22.1,3.8
2019-08-29,22.8,9.1
2019-08-30,22.7,7.5
2019-08-31,22.1,22.9
2019-09-01,22.0,57.7
2019-09-02,21.4,15.2
2019-09-03,22.5,21.6
2019-09-04,21.6,14.7
2019-09-05,21.9,10.3
2019-09-06,21.9,12.2
2019-09-07,22.7,14.9
2019-09-08,22.3,0.4
2019-09-09,22.3,1.7
2019-09-10,22.4,4.1
2019-09-11,22.3,18.6
2019-09-12,22.4,50.2
2019-09-13,22.2,5.4
2019-09-14,22.3,48.5
2019-09-15,21.3,26.8
2019-09-16,21.6,17.8
2019-09-17,21.5,24.7
2019-09-18,20.6,43.5
2019-09-19,20.6,13.1
2019-09-20,20.8,7.7
2019-09-21,20.7,15.0
2019-09-22,21.3,18.1
2019-09-23,21.4,7.4
2019-09-24,22.0,11.4
2019-09-25,20.9,2.2
2019-09-26,21.1,1.6
2019-09-27,21.6,5.9
2019-09-28,21.1,9.5
2019-09-29,20.9,25.3
2019-09-30,21.5,18.1
2019-10-01,21.2,7.7
2019-10-02,20.9,16.8
2019-10-03,19.6,35.0
2019-10-04,20.9,16.6
2019-10-05,21.1,9.3
2019-10-06,21.1,5.3
2019-10-07,21.2,27.3
2019-10-08,20.5,54.7
2019-10-09,21.1,8.2
2019-10-10,21.4,12.3
2019-10-11,21.0,31.6
2019-10-12,21.6,27.4
2019-10-13,20.3,41.2
2019-10-14,20.7,17.0
2019-10-15,20.6,26.7
2019-10-16,20.6,32.2
2019-10-17,21.6,4.8
2019-10-18,20.9,32.4
2019-10-19,21.1,27.6
2019-10-20,20.6,12.1
2019-10-21,20.6,13.3
2019-10-22,20.6,20.7
2019-10-23,20.8,9.9
2019-10-24,20.9,23.3
2019-10-25,21.3,11.2
2019-10-26,21.1,31.2
2019-10-27,20.7,15.2
2019-10-28,21.4,17.3
2019-10-29,20.6,37.9
2019-10-30,21.3,10.4
2019-10-31,20.5,23.7
2019-11-01,20.7,10.6
2019-11-02,21.4,8.6
2019-11-03,21.3,15.4
2019-11-04,20.8,7.9
2019-11-05,21.4,14.6
2019-11-06,21.8,14.6
2019-11-07,22.2,33.8
2019-11-08,21.6,19.1
2019-11-09,20.9,19.1
2019-11-10,21.5,15.1
2019-11-11,21.0,37.5
2019-11-12,20.7,54.9
2019-11-13,20.3,5.5
2019-11-14,20.9,13.1
2019-11-15,21.1,17.0
2019-11-16,21.1,1.3
2019-11-17,21.4,2.8
2019-11-18,21.6,5.8
2019-11-19,21.2,6.3
2019-11-20,21.1,24.3
2019-11-21,21.2,12.2
2019-11-22,20.5,54.6
2019-11-23,20.9,5.0
2019-11-24,21.0,16.8
2019-11-25,22.0,11.3
2019-11-26,21.9,25.4
2019-11-27,21.6,9.9
2019-11-28,21.4,50.5
2019-11-29,21.0,13.7
2019-11-30,21.3,3.7
2019-12-01,21.8,6.0
2019-12-02,21.2,11.0
2019-12-03,21.5,16.0
2019-12-04,21.3,11.2
2019-12-05,21.6,6.8
2019-12-06,20.7,11.5
2019-12-07,20.0,3.8
2019-12-08,20.8,1.2
2019-12-09,21.7,6.0
2019-12-10,21.6,19.2
2019-12-11,20.7,13.8
2019-12-12,20.4,1.2
2019-12-13,20.6,7.0
2019-12-14,21.2,17.7
2019-12-15,21.4,13.9
2019-12-16,21.5,10.5
2019-12-17,20.9,21.2
2019-12-18,21.4,14.2
2019-12-19,21.7,21.5
2019-12-20,21.4,45.9
2019-12-21,21.2,32.9
2019-12-22,21.5,62.4
2019-12-23,21.1,52.3
2019-12-24,22.1,17.2
2019-12-25,21.6,34.7
2019-12-26,21.6,29.3
2019-12-27,21.0,45.7
2019-12-28,21.4,23.6
2019-12-29,22.1,20.3
2019-12-30,21.6,12.6
2019-12-31,21.3,19.3
2020-01-01,21.8,6.3
2020-01-02,21.9,48.0
2020-01-03,21.6,3.6
2020-01-04,21.9,2.3
2020-01-05,21.4,9.0
2020-01-06,21.9,7.5
2020-01-07,21.6,2.1
2020-01-08,21.3,1.5
2020-01-09,21.4,7.0
2020-01-10,22.1,5.1
2020-01-11,22.0,8.1
2020-01-12,22.2,10.0
2020-01-13,22.6,3.0
2020-01-14,22.3,2.9
2020-01-15,22.4,4.9
2020-01-16,22.9,3.2
2020-01-17,23.0,1.0
2020-01-18,23.5,0.6
2020-01-19,22.8,10.8
2020-01-20,21.2,19.6
2020-01-21,20.4,3.9
2020-01-22,20.7,3.9
2020-01-23,21.2,3.9
2020-01-24,22.3,2.0
2020-01-25,22.0,18.2
2020-01-26,21.3,16.9
2020-01-27,21.3,13.7
2020-01-28,21.2,5.1
2020-01-29,21.5,7.0
2020-01-30,21.7,4.1
2020-01-31,22.0,13.1
2020-02-01,21.7,21.6
2020-02-02,21.0,8.1
2020-02-03,22.0,7.4
2020-02-04,22.4,4.6
2020-02-05,21.9,4.3
2020-02-06,21.8,0.3
2020-02-07,22.3,1.3
2020-02-08,21.9,8.8
2020-02-09,22.0,17.0
2020-02-10,22.4,1.9
2020-02-11,22.6,3.7
2020-02-12,22.3,2.7
2020-02-13,22.4,6.2
2020-02-14,22.5,9.4
2020-02-15,22.5,8.2
2020-02-16,22.5,3.4
2020-02-17,23.3,4.2
2020-02-18,23.3,1.6
2020-02-19,22.7,4.4
2020-02-20,22.3,9.3
2020-02-21,22.1,7.8
2020-02-22,21.4,5.5
2020-02-23,22.4,9.1
2020-02-24,22.4,24.3
2020-02-25,21.3,35.9
2020-02-26,20.8,20.5
2020-02-27,21.8,12.3
2020-02-28,22.4,2.0
2020-02-29,22.9,7.7
2020-03-01,22.2,10.9
2020-03-02,22.0,6.3
2020-03-03,22.6,3.0
2020-03-04,22.9,27.3
2020-03-05,23.1,10.8
2020-03-06,22.1,19.0
2020-03-07,21.6,9.7
2020-03-08,22.4,5.9
2020-03-09,22.8,12.7
2020-03-10,22.2,23.6
2020-03-11,22.2,15.4
2020-03-12,22.1,21.9
2020-03-13,21.6,39.3
2020-03-14,21.5,19.0
2020-03-15,21.9,11.5
2020-03-16,21.9,8.8
2020-03-17,22.3,8.0
2020-03-18,22.3,10.7
2020-03-19,22.3,3.9
2020-03-20,20.9,5.2
2020-03-21,21.2,0.0
2020-03-22,21.7,0.0
2020-03-23,22.3,2.4
2020-03-24,21.8,9.7
2020-03-25,22.2,5.9
2020-03-26,21.9,15.6
2020-03-27,21.7,13.2
2020-03-28,22.1,15.2
2020-03-29,21.2,27.0
2020-03-30,21.1,10.6
2020-03-31,21.4,18.3
2020-04-01,20.6,30.7
2020-04-02,21.6,5.3
2020-04-03,21.9,9.6
2020-04-04,21.9,10.8
2020-04-05,21.9,12.7
2020-04-06,21.8,52.9
2020-04-07,21.3,12.3
2020-04-08,22.2,8.5
2020-04-09,21.4,19.2
2020-04-10,20.6,29.7
2020-04-11,20.9,20.9
2020-04-12,20.4,36.7
2020-04-13,20.7,16.5
2020-04-14,21.2,8.0
2020-04-15,20.8,2.7
2020-04-16,21.5,6.5
2020-04-17,21.6,9.5
2020-04-18,20.8,34.7
2020-04-19,21.5,7.0
2020-04-20,21.5,10.9
2020-04-21,21.1,8.1
2020-04-22,21.7,6.7
2020-04-23,21.0,26.6
2020-04-24,21.0,27.4
2020-04-25,21.7,3.5
2020-04-26,21.8,8.6
2020-04-27,21.6,28.9
2020-04-28,21.2,46.0
2020-04-29,21.4,28.5
2020-04-30,20.8,20.5
2020-05-01,21.2,15.1
2020-05-02,21.7,21.5
2020-05-03,21.0,45.0
2020-05-04,20.8,42.7
2020-05-05,21.3,22.0
2020-05-06,21.6,47.5
2020-05-07,21.2,24.7
2020-05-08,21.4,6.5
2020-05-09,22.3,12.2
2020-05-10,21.7,21.7
2020-05-11,21.7,16.7
2020-05-12,21.1,19.8
2020-05-13,21.5,6.5
2020-05-14,21.9,11.7
2020-05-15,21.3,36.7
2020-05-16,22.1,31.9
2020-05-17,21.6,24.8
2020-05-18,21.0,59.7
2020-05-19,20.8,42.5
2020-05-20,21.4,35.5
2020-05-21,22.0,31.0
2020-05-22,20.9,23.9
2020-05-23,21.4,13.9
2020-05-24,21.0,9.9
2020-05-25,21.9,14.1
2020-05-26,22.0,24.8
2020-05-27,20.8,44.4
2020-05-28,19.7,16.7
2020-05-29,20.1,10.7
2020-05-30,19.6,26.3
2020-05-31,20.3,7.7
2020-06-01,20.3,9.6
2020-06-02,20.4,21.8
2020-06-03,19.7,22.4
2020-06-04,21.3,12.8
2020-06-05,20.7,24.9
2020-06-06,20.7,6.9
2020-06-07,20.9,10.5
2020-06-08,21.4,4.0
2020-06-09,20.9,20.2
2020-06-10,20.9,5.2
2020-06-11,20.3,2.4
2020-06-12,20.6,0.5
2020-06-13,21.0,22.7
2020-06-14,20.6,42.5
2020-06-15,21.1,9.3
2020-06-16,20.9,20.5
2020-06-17,19.5,35.8
2020-06-18,20.2,16.4
2020-06-19,21.0,39.0
2020-06-20,21.0,33.7
2020-06-21,21.2,71.0
2020-06-22,21.0,29.6
2020-06-23,20.2,34.5
2020-06-24,21.0,47.5
2020-06-25,20.5,30.5
2020-06-26,20.3,39.9
2020-06-27,20.5,40.9
2020-06-28,19.7,46.9
2020-06-29,20.6,4.9
2020-06-30,20.5,17.1
2020-07-01,20.4,29.9
2020-07-02,20.5,24.9
2020-07-03,20.5,18.8
2020-07-04,19.3,20.8
2020-07-05,19.6,12.1
2020-07-06,20.4,13.9
2020-07-07,20.0,19.3
2020-07-08,20.5,9.4
2020-07-09,21.1,30.0
2020-07-10,19.3,61.7
2020-07-11,19.8,12.3
2020-07-12,20.3,9.8
2020-07-13,20.9,0.3
2020-07-14,20.8,16.9
2020-07-15,21.0,8.9
2020-07-16,20.9,21.5
2020-07-17,21.4,1.4
2020-07-18,21.5,30.0
2020-07-19,20.9,29.1
2020-07-20,20.9,52.6
2020-07-21,20.3,43.2
2020-07-22,20.4,11.4
2020-07-23,20.1,15.3
2020-07-24,19.9,9.9
2020-07-25,19.7,27.0
2020-07-26,20.6,29.9
2020-07-27,20.7,19.2
2020-07-28,20.7,21.4
2020-07-29,21.2,40.3
2020-07-30,21.5,28.1
2020-07-31,22.1,21.5
2020-08-01,21.7,8.0
2020-08-02,21.8,0.0
2020-08-03,21.9,7.8
2020-08-04,21.4,7.3
2020-08-05,21.3,0.7
2020-08-06,21.3,31.8
2020-08-07,21.4,7.4
2020-08-08,22.3,1.9
2020-08-09,22.2,6.4
2020-08-10,22.1,5.3
2020-08-11,21.9,19.5
2020-08-12,22.0,29.7
2020-08-13,21.5,61.3
2020-08-14,20.4,51.9
2020-08-15,19.9,55.6
2020-08-16,20.0,34.6
2020-08-17,20.2,10.7
2020-08-18,21.1,11.4
2020-08-19,20.4,6.4
2020-08-20,20.9,26.2
2020-08-21,20.9,37.2
2020-08-22,21.3,13.7
2020-08-23,21.5,4.4
2020-08-24,21.0,8.7
2020-08-25,20.7,13.8
2020-08-26,20.7,14.1
2020-08-27,20.8,20.4
2020-08-28,20.3,26.5
2020-08-29,19.9,17.9
2020-08-30,20.0,7.0
2020-08-31,21.8,2.4
2020-09-01,21.0,15.5
2020-09-02,21.1,3.5
2020-09-03,21.7,2.6
2020-09-04,21.1,10.1
2020-09-05,21.5,25.8
2020-09-06,20.0,13.9
2020-09-07,20.6,12.6
2020-09-08,19.5,30.5
2020-09-09,21.3,1.0
2020-09-10,21.6,15.6
2020-09-11,21.4,29.2
2020-09-12,21.8,9.3
2020-09-13,21.4,19.0
2020-09-14,21.9,7.3
2020-09-15,20.8,18.4
2020-09-16,21.0,9.2
2020-09-17,21.5,1.8
2020-09-18,21.1,6.0
2020-09-19,21.8,9.8
2020-09-20,21.3,27.3
2020-09-21,21.0,43.4
2020-09-22,22.0,7.4
2020-09-23,21.2,33.0
2020-09-24,21.3,34.4
2020-09-25,21.1,28.8
2020-09-26,20.5,28.7
2020-09-27,21.2,9.9
2020-09-28,21.8,11.5
2020-09-29,20.7,21.4
2020-09-30,20.6,27.0
2020-10-01,21.1,36.6
2020-10-02,21.3,26.3
2020-10-03,20.9,28.7
2020-10-04,20.2,32.9
2020-10-05,20.8,19.2
2020-10-06,22.2,24.8
2020-10-07,20.7,27.6
2020-10-08,20.8,25.2
2020-10-09,21.4,10.8
2020-10-10,22.1,0.6
2020-10-11,21.0,8.3
2020-10-12,21.7,6.7
2020-10-13,20.4,35.8
2020-10-14,21.4,15.1
2020-10-15,21.5,35.6
2020-10-16,21.3,43.9
2020-10-17,21.1,22.9
2020-10-18,21.4,23.6
2020-10-19,21.1,37.0
2020-10-20,21.6,8.2
2020-10-21,21.2,20.5
2020-10-22,21.3,44.4
2020-10-23,21.0,38.6
2020-10-24,20.3,32.8
2020-10-25,21.5,2.7
2020-10-26,21.0,6.3
2020-10-27,21.6,2.5
2020-10-28,20.7,2.0
2020-10-29,21.2,8.4
2020-10-30,21.3,21.0
2020-10-31,20.3,37.5
2020-11-01,20.7,1.3
2020-11-02,21.9,0.6
2020-11-03,22.1,12.7
2020-11-04,22.2,1.1
2020-11-05,21.8,16.3
2020-11-06,21.9,36.1
2020-11-07,22.2,1.1
2020-11-08,21.5,10.1
2020-11-09,21.1,11.7
2020-11-10,21.3,2.7
2020-11-11,21.5,6.2
2020-11-12,21.7,8.0
2020-11-13,21.2,22.4
2020-11-14,20.7,12.2
2020-11-15,21.5,1.4
2020-11-16,21.8,9.4
2020-11-17,21.0,10.1
2020-11-18,20.8,23.1
2020-11-19,20.9,3.4
2020-11-20,21.0,10.8
2020-11-21,21.2,7.5
2020-11-22,21.7,5.0
2020-11-23,21.4,11.0
2020-11-24,21.3,24.7
2020-11-25,21.3,4.1
2020-11-26,21.5,2.8
2020-11-27,20.3,15.7
2020-11-28,21.3,2.1
2020-11-29,21.8,8.8
2020-11-30,20.7,14.1
2020-12-01,21.3,10.6
2020-12-02,20.4,25.4
2020-12-03,20.8,4.0
2020-12-04,21.3,8.8
2020-12-05,20.9,20.8
2020-12-06,21.1,26.9
2020-12-07,21.3,23.2
2020-12-08,20.2,18.0
2020-12-09,21.1,8.5
2020-12-10,21.1,6.6
2020-12-11,21.3,8.6
2020-12-12,21.3,10.6
2020-12-13,21.4,14.4
2020-12-14,21.2,14.5
2020-12-15,20.7,11.7
2020-12-16,21.2,12.4
2020-12-17,20.7,37.0
2020-12-18,20.7,6.9
2020-12-19,21.2,10.0
2020-12-20,21.1,28.5
2020-12-21,21.2,7.9
2020-12-22,21.1,23.7
2020-12-23,21.4,13.4
2020-12-24,21.6,10.6
2020-12-25,20.8,23.6
2020-12-26,19.5,18.6
2020-12-27,19.9,0.0
2020-12-28,20.3,2.5
2020-12-29,20.8,4.2
2020-12-30,20.4,29.8
2020-12-31,20.8,9.8
2021-01-01,21.0,19.7
2021-01-02,21.0,15.5
2021-01-03,21.0,7.5
2021-01-04,20.8,15.9
2021-01-05,20.0,25.2
2021-01-06,20.1,2.0
2021-01-07,20.8,11.4
2021-01-08,20.0,19.4
2021-01-09,19.4,13.3
2021-01-10,20.5,20.8
2021-01-11,20.2,25.6
2021-01-12,20.5,45.0
2021-01-13,21.1,43.4
2021-01-14,21.0,16.0
2021-01-15,20.8,10.8
2021-01-16,21.0,9.5
2021-01-17,20.6,4.5
2021-01-18,20.7,12.5
2021-01-19,20.8,7.9
2021-01-20,21.2,2.5
2021-01-21,21.1,5.4
2021-01-22,21.0,20.4
2021-01-23,20.3,21.5
2021-01-24,20.8,21.1
2021-01-25,21.1,14.5
2021-01-26,20.6,17.9
2021-01-27,21.1,13.0
2021-01-28,20.9,13.5
2021-01-29,21.5,3.6
2021-01-30,21.9,2.6
2021-01-31,22.0,4.1
2021-02-01,21.6,9.9
2021-02-02,21.7,26.2
2021-02-03,22.1,10.6
2021-02-04,22.0,9.1
2021-02-05,21.8,14.0
2021-02-06,21.3,13.8
2021-02-07,21.9,7.9
2021-02-08,21.6,10.1
2021-02-09,21.1,18.8
2021-02-10,21.3,2.8
2021-02-11,22.1,3.7
2021-02-12,21.2,10.4
2021-02-13,20.9,5.5
2021-02-14,21.4,11.4
2021-02-15,21.1,13.3
2021-02-16,20.7,54.8
2021-02-17,21.0,19.9
2021-02-18,20.4,6.9
2021-02-19,20.0,5.9
2021-02-20,21.1,7.0
2021-02-21,21.3,4.2
2021-02-22,21.1,16.2
2021-02-23,21.6,10.9
2021-02-24,22.0,7.9
2021-02-25,22.0,10.2
2021-02-26,21.5,16.8
2021-02-27,21.7,16.1
2021-02-28,21.5,9.5
2021-03-01,20.7,22.8
2021-03-02,19.6,6.6
2021-03-03,21.3,1.9
2021-03-04,21.2,0.4
2021-03-05,21.3,6.7
2021-03-06,21.7,17.2
2021-03-07,20.8,39.9
2021-03-08,19.5,31.9
2021-03-09,21.0,3.9
2021-03-10,20.5,19.1
2021-03-11,19.8,24.3
2021-03-12,20.0,3.1
2021-03-13,21.0,0.6
2021-03-14,21.6,2.3
2021-03-15,20.8,5.9
2021-03-16,21.0,35.7
2021-03-17,20.7,21.7
2021-03-18,19.7,20.4
2021-03-19,21.0,9.7
2021-03-20,20.8,15.0
2021-03-21,21.2,0.5
2021-03-22,20.0,37.6
2021-03-23,21.6,0.1
2021-03-24,21.3,12.8
2021-03-25,21.5,20.2
2021-03-26,20.8,10.2
2021-03-27,21.2,23.9
2021-03-28,21.0,14.6
2021-03-29,21.4,34.7
2021-03-30,21.6,31.9
2021-03-31,21.3,45.2
2021-04-01,21.1,7.2
2021-04-02,21.5,21.0
2021-04-03,20.7,31.8
2021-04-04,20.9,10.4
2021-04-05,21.3,14.8
2021-04-06,19.8,39.1
2021-04-07,20.5,10.4
2021-04-08,21.0,17.0
2021-04-09,20.7,57.9
2021-04-10,20.8,14.0
2021-04-11,21.1,13.5
2021-04-12,21.4,4.6
2021-04-13,21.9,28.2
2021-04-14,21.5,32.5
2021-04-15,20.9,38.1
2021-04-16,20.2,46.0
2021-04-17,21.5,8.8
2021-04-18,20.6,58.5
2021-04-19,20.9,15.7
2021-04-20,21.9,8.0
2021-04-21,21.1,23.6
2021-04-22,21.9,4.7
2021-04-23,20.9,12.7
2021-04-24,21.8,5.9
2021-04-25,21.7,6.2
2021-04-26,20.8,18.9
2021-04-27,20.9,30.6
2021-04-28,21.1,13.8
2021-04-29,21.2,13.5
2021-04-30,19.8,12.8
2021-05-01,20.8,2.7
2021-05-02,20.9,9.9
2021-05-03,20.3,3.1
2021-05-04,21.5,0.5
2021-05-05,21.3,4.7
2021-05-06,21.6,9.1
2021-05-07,21.8,3.8
2021-05-08,21.2,16.1
2021-05-09,21.6,32.0
2021-05-10,21.3,54.0
2021-05-11,20.8,22.3
2021-05-12,21.3,35.9
2021-05-13,21.6,28.1
2021-05-14,20.6,60.0
2021-05-15,21.2,57.3
2021-05-16,21.2,45.3
2021-05-17,20.9,13.3
2021-05-18,20.2,16.3
2021-05-19,21.5,15.1
2021-05-20,22.0,16.1
2021-05-21,21.5,42.7
2021-05-22,21.2,77.6
2021-05-23,20.9,55.7
2021-05-24,21.5,40.9
2021-05-25,21.6,22.0
2021-05-26,21.1,24.1
2021-05-27,21.1,18.7
2021-05-28,20.5,15.8
2021-05-29,21.2,6.1
2021-05-30,21.6,4.8
2021-05-31,21.5,23.7
2021-06-01,21.4,15.8
2021-06-02,21.8,2.1
2021-06-03,21.2,19.7
2021-06-04,21.0,38.9
2021-06-05,21.4,25.1
2021-06-06,20.2,42.6
2021-06-07,20.0,17.6
2021-06-08,19.1,19.4
2021-06-09,19.9,7.1
2021-06-10,21.0,2.0
2021-06-11,21.4,12.2
2021-06-12,21.3,6.3
2021-06-13,19.4,31.0
2021-06-14,19.6,13.4
2021-06-15,19.8,11.2
2021-06-16,20.6,5.2
2021-06-17,20.6,14.5
2021-06-18,20.9,22.0
2021-06-19,20.8,43.2
2021-06-20,20.0,27.5
2021-06-21,20.4,9.2
2021-06-22,20.5,30.6
2021-06-23,20.1,16.7
2021-06-24,20.6,12.2
2021-06-25,19.9,15.6
2021-06-26,20.3,16.0
2021-06-27,20.0,9.2
2021-06-28,20.7,17.0
2021-06-29,21.2,10.5
2021-06-30,20.0,11.6
2021-07-01,20.1,20.0
2021-07-02,20.4,16.2
2021-07-03,20.5,13.5
2021-07-04,20.5,8.1
2021-07-05,20.9,15.5
2021-07-06,21.2,20.0
2021-07-07,21.0,20.5
2021-07-08,21.0,36.0
2021-07-09,20.5,40.5
2021-07-10,20.4,22.3
2021-07-11,20.7,14.6
2021-07-12,20.7,22.1
2021-07-13,20.2,18.3
2021-07-14,21.0,14.1
2021-07-15,21.1,19.7
2021-07-16,20.9,26.2
2021-07-17,20.8,34.5
2021-07-18,20.0,18.2
2021-07-19,21.5,10.1
2021-07-20,22.0,4.4
2021-07-21,22.2,5.9
2021-07-22,21.7,3.8
2021-07-23,21.1,16.6
2021-07-24,19.6,30.2
2021-07-25,19.8,13.3
2021-07-26,20.0,13.2
2021-07-27,20.1,28.8
2021-07-28,21.7,0.8
2021-07-29,21.4,34.3
2021-07-30,21.7,28.0
2021-07-31,22.4,4.2
2021-08-01,21.7,16.2
2021-08-02,21.5,8.6
2021-08-03,20.2,9.6
2021-08-04,21.3,0.6
2021-08-05,21.9,20.4
2021-08-06,21.2,18.5
2021-08-07,20.8,25.4
2021-08-08,20.7,19.2
2021-08-09,21.2,39.6
2021-08-10,21.3,49.5
2021-08-11,20.8,66.3
2021-08-12,20.6,52.7
2021-08-13,20.4,24.0
2021-08-14,20.0,30.2
2021-08-15,21.0,14.9
2021-08-16,20.0,55.6
2021-08-17,19.8,11.7
2021-08-18,20.8,17.2
2021-08-19,20.5,32.0
2021-08-20,21.2,3.7
2021-08-21,21.5,17.2
2021-08-22,21.4,20.8
2021-08-23,20.8,23.7
2021-08-24,20.5,12.1
2021-08-25,20.8,9.6
2021-08-26,20.5,16.9
2021-08-27,20.4,25.3
2021-08-28,20.5,5.5
2021-08-29,21.0,25.1
2021-08-30,20.7,43.3
2021-08-31,20.7,12.6
2021-09-01,20.2,36.6
2021-09-02,21.2,7.9
2021-09-03,20.8,31.1
2021-09-04,20.9,33.3
2021-09-05,20.9,18.1
2021-09-06,20.2,17.3
2021-09-07,21.1,4.9
2021-09-08,20.8,11.7
2021-09-09,21.1,29.7
2021-09-10,20.7,32.1
2021-09-11,20.1,32.3
2021-09-12,20.3,35.8
2021-09-13,20.9,13.6
2021-09-14,20.7,11.5
2021-09-15,21.1,25.8
2021-09-16,21.4,43.6
2021-09-17,21.8,7.8
2021-09-18,21.5,7.2
2021-09-19,21.5,16.1
2021-09-20,21.6,24.1
2021-09-21,21.0,21.7
2021-09-22,20.0,40.6
2021-09-23,20.2,27.0
2021-09-24,21.2,5.1
2021-09-25,22.1,23.5
2021-09-26,21.5,13.8
2021-09-27,22.0,3.1
2021-09-28,20.2,15.8
2021-09-29,20.8,8.9
2021-09-30,19.6,19.8
2021-10-01,21.3,17.8
2021-10-02,21.3,10.4
2021-10-03,21.6,16.6
2021-10-04,21.2,18.3
2021-10-05,20.3,34.4
2021-10-06,20.7,42.8
2021-10-07,21.4,43.4
2021-10-08,21.3,28.6
2021-10-09,20.4,29.6
2021-10-10,21.4,13.3
2021-10-11,21.2,9.3
2021-10-12,21.0,14.3
2021-10-13,21.8,27.6
2021-10-14,21.5,3.5
2021-10-15,21.3,7.6
2021-10-16,20.0,28.0
2021-10-17,19.7,26.7
2021-10-18,20.7,19.0
2021-10-19,20.5,25.3
2021-10-20,20.1,45.6
2021-10-21,20.1,17.6
2021-10-22,20.9,14.5
2021-10-23,20.4,18.5
2021-10-24,21.2,15.9
2021-10-25,20.5,16.0
2021-10-26,20.5,3.2
2021-10-27,21.7,0.2
2021-10-28,22.0,2.8
2021-10-29,21.1,17.4
2021-10-30,20.6,29.9
2021-10-31,21.0,14.7
2021-11-01,21.1,6.7
2021-11-02,20.8,29.7
2021-11-03,20.7,31.4
2021-11-04,20.4,28.6
2021-11-05,20.5,11.2
2021-11-06,20.9,14.0
2021-11-07,20.8,8.6
2021-11-08,20.2,14.1
2021-11-09,20.0,25.8
2021-11-10,20.4,13.3
2021-11-11,20.8,24.2
2021-11-12,20.4,13.5
2021-11-13,20.1,22.6
2021-11-14,21.2,4.9
2021-11-15,21.0,9.4
2021-11-16,21.0,9.7
2021-11-17,20.8,5.4
2021-11-18,20.5,16.2
2021-11-19,19.9,8.9
2021-11-20,20.7,25.9
2021-11-21,20.4,27.6
2021-11-22,20.4,27.6
2021-11-23,20.3,26.3
2021-11-24,20.1,32.7
2021-11-25,19.4,29.8
2021-11-26,20.3,23.7
2021-11-27,20.5,17.4
2021-11-28,21.1,15.9
2021-11-29,20.4,40.2
2021-11-30,19.8,26.0
2021-12-01,20.4,13.3
2021-12-02,21.0,13.7
2021-12-03,20.4,26.9
2021-12-04,20.6,37.2
2021-12-05,20.6,37.1
2021-12-06,20.8,16.8
2021-12-07,21.0,3.8
2021-12-08,21.3,20.9
2021-12-09,20.9,17.3
2021-12-10,20.5,8.7
2021-12-11,19.5,19.3
2021-12-12,19.5,18.7
2021-12-13,20.8,5.8
2021-12-14,20.6,32.9
2021-12-15,20.4,32.9
2021-12-16,20.0,38.5
2021-12-17,20.2,54.3
2021-12-18,20.2,28.0
2021-12-19,20.1,30.1
2021-12-20,20.7,35.7
2021-12-21,20.7,27.8
2021-12-22,20.5,10.0
2021-12-23,21.3,6.8
2021-12-24,21.8,8.9
2021-12-25,21.3,5.2
2021-12-26,20.5,5.1
2021-12-27,20.9,5.9
2021-12-28,20.7,19.9
2021-12-29,20.6,35.6
2021-12-30,21.0,4.7
2021-12-31,21.1,3.3
2022-01-01,19.6,24.8
2022-01-02,20.9,20.7
2022-01-03,20.5,27.8
2022-01-04,20.1,34.8
2022-01-05,20.3,3.5
2022-01-06,19.7,2.5
2022-01-07,19.9,2.9
2022-01-08,20.1,17.0
2022-01-09,20.6,12.0
2022-01-10,19.6,9.6
2022-01-11,20.6,13.8
2022-01-12,20.7,5.0
2022-01-13,20.1,17.6
2022-01-14,20.4,13.6
2022-01-15,20.3,13.2
2022-01-16,20.0,10.7
2022-01-17,20.3,16.8
2022-01-18,21.0,14.5
2022-01-19,21.1,3.8
2022-01-20,21.6,2.7
2022-01-21,20.9,10.7
2022-01-22,20.3,11.1
2022-01-23,21.1,10.7
2022-01-24,21.6,5.3
2022-01-25,20.3,9.4
2022-01-26,20.8,14.1
2022-01-27,20.8,14.0
2022-01-28,20.2,22.2
2022-01-29,20.4,17.4
2022-01-30,20.6,7.6
2022-01-31,20.3,11.4
2022-02-01,20.8,5.1
2022-02-02,21.0,10.0
2022-02-03,20.7,14.5
2022-02-04,20.1,21.0
2022-02-05,20.4,16.6
2022-02-06,20.3,9.8
2022-02-07,20.3,38.3
2022-02-08,19.7,10.8
2022-02-09,19.6,26.3
2022-02-10,20.4,27.5
2022-02-11,20.6,12.1
2022-02-12,20.9,22.5
2022-02-13,20.7,14.7
2022-02-14,20.3,11.9
2022-02-15,20.7,9.5
2022-02-16,20.9,18.6
2022-02-17,21.3,14.5
2022-02-18,19.4,36.3
2022-02-19,20.8,5.0
2022-02-20,20.1,16.0
2022-02-21,21.1,1.5
2022-02-22,21.1,26.1
2022-02-23,21.4,13.2
2022-02-24,20.5,14.4
2022-02-25,20.6,8.1
2022-02-26,20.2,40.5
2022-02-27,20.3,26.4
2022-02-28,21.0,22.6
2022-03-01,20.4,35.6
2022-03-02,19.8,27.5
2022-03-03,20.2,21.1
2022-03-04,20.7,10.9
2022-03-05,20.4,17.8
2022-03-06,19.6,13.4
2022-03-07,20.3,6.9
2022-03-08,20.8,0.0
2022-03-09,21.1,3.4
2022-03-10,21.0,3.9
2022-03-11,20.9,3.0
2022-03-12,21.1,5.0
2022-03-13,21.6,2.2
2022-03-14,21.5,16.5
2022-03-15,20.3,19.1
2022-03-16,20.6,14.2
2022-03-17,20.7,19.8
2022-03-18,20.4,29.2
2022-03-19,20.2,39.5
2022-03-20,20.5,53.6
2022-03-21,20.8,15.1
2022-03-22,21.0,11.9
2022-03-23,21.0,20.9
2022-03-24,20.9,28.4
2022-03-25,20.7,29.6
2022-03-26,20.2,22.2
2022-03-27,20.1,40.5
2022-03-28,21.1,24.2
2022-03-29,20.5,22.4
2022-03-30,21.1,13.5
2022-03-31,20.6,20.7
2022-04-01,20.9,13.8
2022-04-02,21.0,26.9
2022-04-03,20.8,18.2
2022-04-04,20.7,23.7
2022-04-05,21.3,38.7
2022-04-06,21.2,25.5
2022-04-07,21.0,41.5
2022-04-08,20.7,40.3
2022-04-09,20.6,24.9
2022-04-10,21.0,52.4
2022-04-11,20.9,18.1
2022-04-12,20.6,45.4
2022-04-13,20.8,21.8
2022-04-14,21.0,35.6
2022-04-15,21.2,22.5
2022-04-16,20.2,18.8
2022-04-17,20.9,21.9
2022-04-18,20.8,41.3
2022-04-19,19.7,23.8
2022-04-20,20.4,2.5
2022-04-21,20.7,5.1
2022-04-22,20.0,23.1
2022-04-23,20.7,11.5
2022-04-24,20.8,17.2
2022-04-25,20.2,13.8
2022-04-26,20.7,4.9
2022-04-27,20.9,26.0
2022-04-28,20.4,26.3
2022-04-29,21.3,19.4
2022-04-30,21.4,17.2
2022-05-01,20.8,11.5
2022-05-02,21.5,5.9
2022-05-03,21.7,8.4
2022-05-04,20.5,13.7
2022-05-05,19.7,26.1
2022-05-06,20.3,27.3
2022-05-07,20.3,7.4
2022-05-08,21.3,5.1
2022-05-09,21.7,3.6
2022-05-10,21.5,8.2
2022-05-11,21.5,10.6
2022-05-12,21.1,27.4
2022-05-13,20.5,15.1
2022-05-14,20.4,45.4
2022-05-15,21.1,26.7
2022-05-16,20.3,78.9
2022-05-17,19.5,46.8
2022-05-18,19.4,25.6
2022-05-19,19.8,8.9
2022-05-20,19.7,33.5
2022-05-21,20.5,3.0
2022-05-22,21.2,6.1
2022-05-23,20.3,26.8
2022-05-24,20.7,21.9
2022-05-25,19.9,71.8
2022-05-26,20.0,28.0
2022-05-27,20.5,37.7
2022-05-28,19.8,65.3
2022-05-29,20.3,32.5
2022-05-30,19.4,50.2
2022-05-31,19.4,30.2
2022-06-01,20.3,6.3
2022-06-02,19.7,31.4
2022-06-03,19.4,15.9
2022-06-04,20.7,9.1
2022-06-05,20.7,24.3
2022-06-06,20.5,20.6
2022-06-07,19.8,25.5
2022-06-08,20.2,12.0
2022-06-09,20.0,21.7
2022-06-10,20.4,29.4
2022-06-11,19.4,53.1
2022-06-12,20.2,46.1
2022-06-13,19.7,23.0
2022-06-14,20.0,24.9
2022-06-15,19.9,37.4
2022-06-16,20.0,29.0
2022-06-17,19.6,20.1
2022-06-18,19.9,16.7
2022-06-19,19.8,34.3
2022-06-20,19.7,27.4
2022-06-21,20.3,7.1
2022-06-22,20.3,24.2
2022-06-23,19.6,44.4
2022-06-24,18.5,81.9
2022-06-25,19.1,41.1
2022-06-26,19.4,57.8
2022-06-27,19.5,22.5
2022-06-28,20.1,11.1
2022-06-29,19.9,10.0
2022-06-30,20.8,12.9
2022-07-01,20.7,25.3
2022-07-02,20.3,35.6
2022-07-03,20.7,17.5
2022-07-04,20.6,42.6
2022-07-05,19.9,59.9
2022-07-06,20.4,30.0
2022-07-07,20.9,14.2
2022-07-08,20.9,24.3
2022-07-09,20.6,41.3
2022-07-10,19.9,30.6
2022-07-11,19.6,43.4
2022-07-12,20.1,30.3
2022-07-13,20.2,24.7
2022-07-14,19.8,40.7
2022-07-15,20.1,18.9
2022-07-16,20.9,11.9
2022-07-17,20.5,23.1
2022-07-18,21.0,0.7
2022-07-19,20.8,13.8
2022-07-20,20.4,44.6
2022-07-21,20.0,25.2
2022-07-22,19.6,52.5
2022-07-23,19.8,16.5
2022-07-24,20.7,20.0
2022-07-25,19.3,22.7
2022-07-26,19.6,13.9
2022-07-27,19.3,24.0
2022-07-28,19.3,33.1
2022-07-29,20.8,9.4
2022-07-30,20.9,30.8
2022-07-31,20.3,15.6
2022-08-01,20.7,31.3
2022-08-02,19.8,47.4
2022-08-03,20.4,46.7
2022-08-04,20.1,33.1
2022-08-05,19.8,63.8
2022-08-06,20.5,25.2
2022-08-07,20.8,16.9
2022-08-08,21.0,9.6
2022-08-09,20.0,30.2
2022-08-10,20.7,23.8
2022-08-11,20.6,20.0
2022-08-12,20.2,10.1
2022-08-13,19.9,8.7
2022-08-14,20.0,38.6
2022-08-15,20.4,28.1
2022-08-16,20.5,35.4
2022-08-17,21.2,31.1
2022-08-18,20.9,23.9
2022-08-19,21.0,2.8
2022-08-20,19.6,7.1
2022-08-21,20.4,26.3
2022-08-22,20.5,24.9
2022-08-23,21.2,4.0
2022-08-24,21.2,7.6
2022-08-25,20.6,22.4
2022-08-26,20.4,18.3
2022-08-27,20.5,37.9
2022-08-28,19.4,43.3
2022-08-29,20.3,6.2
2022-08-30,20.8,32.8
2022-08-31,20.1,17.5
2022-09-01,20.8,7.2
2022-09-02,20.8,28.7
2022-09-03,21.2,26.2
2022-09-04,21.5,25.1
2022-09-05,21.2,14.0
2022-09-06,21.1,10.0
2022-09-07,20.6,5.7
2022-09-08,20.9,10.9
2022-09-09,20.9,19.9
2022-09-10,21.0,45.3
2022-09-11,21.2,14.0
2022-09-12,20.7,9.4
2022-09-13,20.5,14.0
2022-09-14,20.6,16.1
2022-09-15,20.9,20.1
2022-09-16,19.9,44.9
2022-09-17,20.1,28.5
2022-09-18,20.3,34.2
2022-09-19,19.9,15.1
2022-09-20,20.0,39.9
2022-09-21,19.9,3.0
2022-09-22,20.7,9.9
2022-09-23,20.9,7.4
2022-09-24,20.5,25.1
2022-09-25,20.7,12.1
2022-09-26,21.0,26.2
2022-09-27,20.7,22.0
2022-09-28,20.0,40.9
2022-09-29,20.9,8.6
2022-09-30,20.7,32.4
2022-10-01,20.3,37.5
2022-10-02,21.1,8.7
2022-10-03,21.3,20.9
2022-10-04,20.4,15.9
2022-10-05,20.6,8.1
2022-10-06,20.5,17.6
2022-10-07,21.0,15.4
2022-10-08,20.0,27.7
2022-10-09,20.2,61.8
2022-10-10,20.7,19.6
2022-10-11,20.7,9.5
2022-10-12,20.5,14.5
2022-10-13,20.1,24.6
2022-10-14,21.2,8.7
2022-10-15,20.5,33.1
2022-10-16,20.6,31.1
2022-10-17,20.5,22.5
2022-10-18,20.9,8.7
2022-10-19,20.6,16.1
2022-10-20,20.3,7.9
2022-10-21,21.2,10.8
2022-10-22,20.4,26.0
2022-10-23,21.1,15.4
2022-10-24,20.3,23.7
2022-10-25,21.4,6.2
2022-10-26,20.2,37.2
2022-10-27,21.0,11.9
2022-10-28,19.9,6.2
2022-10-29,20.1,8.0
2022-10-30,21.0,5.2
2022-10-31,21.4,3.4
2022-11-01,21.6,7.2
2022-11-02,20.4,11.1
2022-11-03,20.0,23.1
2022-11-04,19.9,10.9
2022-11-05,20.1,1.8
2022-11-06,21.0,9.0
2022-11-07,20.8,17.2
2022-11-08,21.0,22.3
2022-11-09,19.9,22.9
2022-11-10,20.5,34.2
2022-11-11,20.6,9.0
2022-11-12,19.2,29.4
2022-11-13,20.6,7.9
2022-11-14,21.3,9.2
2022-11-15,20.9,27.0
2022-11-16,20.6,52.4
2022-11-17,20.1,26.9
2022-11-18,20.9,3.3
2022-11-19,21.5,7.9
2022-11-20,21.4,8.5
2022-11-21,21.1,23.6
2022-11-22,19.7,43.7
2022-11-23,20.2,6.4
2022-11-24,20.4,0.7
2022-11-25,21.2,16.0
2022-11-26,20.9,15.3
2022-11-27,19.9,10.0
2022-11-28,20.0,19.5
2022-11-29,19.3,5.7
2022-11-30,20.6,2.1
2022-12-01,19.9,13.9
2022-12-02,20.0,22.3
2022-12-03,20.3,17.8
2022-12-04,18.7,25.4
2022-12-05,19.8,15.6
2022-12-06,20.5,19.7
2022-12-07,20.0,15.0
2022-12-08,20.2,30.9
2022-12-09,20.2,12.3
2022-12-10,19.9,15.4
2022-12-11,19.5,8.5
2022-12-12,20.0,5.9
2022-12-13,20.1,19.6
2022-12-14,20.0,32.2
2022-12-15,20.1,3.9
2022-12-16,20.3,11.9
2022-12-17,20.2,46.3
2022-12-18,20.4,18.6
2022-12-19,20.9,4.3
2022-12-20,21.2,13.7
2022-12-21,20.9,8.9
2022-12-22,21.3,9.8
2022-12-23,20.9,9.5
2022-12-24,20.1,9.4
2022-12-25,21.0,11.6
2022-12-26,19.9,16.8
2022-12-27,19.8,14.7
2022-12-28,20.0,11.1
2022-12-29,20.6,2.9
2022-12-30,20.8,27.4
2022-12-31,19.7,10.5
2023-01-01,19.9,3.9
2023-01-02,19.9,24.5
2023-01-03,19.7,29.7
2023-01-04,20.6,1.0
2023-01-05,20.4,10.3
2023-01-06,20.6,7.8
2023-01-07,20.2,7.7
2023-01-08,20.0,24.5
2023-01-09,19.9,21.4
2023-01-10,19.5,22.4
2023-01-11,19.8,17.5
2023-01-12,19.6,32.0
2023-01-13,19.9,21.8
2023-01-14,19.4,22.8
2023-01-15,19.9,13.8
2023-01-16,20.2,15.1
2023-01-17,20.2,10.9
2023-01-18,20.0,18.2
2023-01-19,20.2,13.7
2023-01-20,20.3,9.8
2023-01-21,20.4,13.1
2023-01-22,19.9,24.2
2023-01-23,20.3,5.4
2023-01-24,20.3,9.6
2023-01-25,20.3,4.2
2023-01-26,20.8,4.5
2023-01-27,21.1,8.0
2023-01-28,21.2,5.6
2023-01-29,21.4,9.5
2023-01-30,21.0,15.1
2023-01-31,20.2,17.5
2023-02-01,20.9,7.8
2023-02-02,20.9,9.3
2023-02-03,20.9,10.5
2023-02-04,20.6,18.7
2023-02-05,20.7,28.2
2023-02-06,20.7,17.7
2023-02-07,21.0,34.7
2023-02-08,21.0,22.5
2023-02-09,20.7,18.3
2023-02-10,21.2,25.7
2023-02-11,21.2,64.6
2023-02-12,21.1,40.2
2023-02-13,21.0,34.4
2023-02-14,20.4,31.6
2023-02-15,20.9,20.5
2023-02-16,21.1,22.6
2023-02-17,21.4,17.9
2023-02-18,21.1,8.6
2023-02-19,21.0,23.2
2023-02-20,20.2,12.4
2023-02-21,20.7,15.9
2023-02-22,20.3,9.0
2023-02-23,20.8,13.0
2023-02-24,21.1,14.6
2023-02-25,21.3,5.9
2023-02-26,21.5,4.3
2023-02-27,21.7,8.8
2023-02-28,21.7,5.3
2023-03-01,20.6,24.9
2023-03-02,21.4,27.7
2023-03-03,21.2,44.6
2023-03-04,20.8,83.4
2023-03-05,20.2,44.3
2023-03-06,20.7,39.1
2023-03-07,20.7,11.7
2023-03-08,21.0,24.2
2023-03-09,19.6,48.3
2023-03-10,20.8,10.2
2023-03-11,19.4,35.0
2023-03-12,20.8,3.5
2023-03-13,19.9,16.9
2023-03-14,20.1,29.8
2023-03-15,20.1,7.9
2023-03-16,20.3,11.1
2023-03-17,20.7,11.3
2023-03-18,20.2,7.1
2023-03-19,21.0,27.6
2023-03-20,20.8,1.8
2023-03-21,21.0,11.0
2023-03-22,21.1,5.0
2023-03-23,20.8,18.0
2023-03-24,20.3,9.9
2023-03-25,21.4,2.5
2023-03-26,20.8,31.7
2023-03-27,20.3,39.8
2023-03-28,21.3,16.4
2023-03-29,21.1,27.0
2023-03-30,21.8,18.9
2023-03-31,20.9,24.5
2023-04-01,21.0,50.9
2023-04-02,20.4,31.6
2023-04-03,21.1,14.4
2023-04-04,20.5,18.3
2023-04-05,22.0,3.8
2023-04-06,20.1,14.8
2023-04-07,20.4,5.4
2023-04-08,21.6,4.3
2023-04-09,22.0,5.1
2023-04-10,21.2,48.9
2023-04-11,21.2,22.9
2023-04-12,21.2,25.4
2023-04-13,21.1,32.2
2023-04-14,20.8,32.3
2023-04-15,20.9,27.9
2023-04-16,19.6,46.7
2023-04-17,20.5,9.7
2023-04-18,21.5,1.4
2023-04-19,22.2,5.0
2023-04-20,21.0,30.9
2023-04-21,20.5,4.3
2023-04-22,20.5,5.3
2023-04-23,20.7,1.5
2023-04-24,20.9,0.0
2023-04-25,22.0,4.7
2023-04-26,21.8,28.6
2023-04-27,21.4,16.3
2023-04-28,21.6,11.5
2023-04-29,20.1,33.7
2023-04-30,20.3,32.5
2023-05-01,20.9,12.1
2023-05-02,22.1,3.6
2023-05-03,22.3,8.9
2023-05-04,22.0,19.6
2023-05-05,22.2,31.6
2023-05-06,21.3,29.3
2023-05-07,22.0,17.2
2023-05-08,22.8,9.6
2023-05-09,22.2,21.8
2023-05-10,20.6,53.8
2023-05-11,21.7,12.9
2023-05-12,22.0,9.7
2023-05-13,22.1,36.0
2023-05-14,21.9,31.7
2023-05-15,20.4,35.4
2023-05-16,20.4,22.2
2023-05-17,22.1,0.1
2023-05-18,22.8,18.6
2023-05-19,21.6,32.2
2023-05-20,20.6,36.6
2023-05-21,21.6,26.0
2023-05-22,21.4,28.4
2023-05-23,21.6,25.1
2023-05-24,21.7,21.5
2023-05-25,21.1,20.0
2023-05-26,20.6,16.0
2023-05-27,21.1,29.3
2023-05-28,20.7,52.7
2023-05-29,21.2,13.8
2023-05-30,20.9,31.1
2023-05-31,21.1,30.0
2023-06-01,20.0,40.2
2023-06-02,20.9,37.5
2023-06-03,22.1,13.0
2023-06-04,21.4,40.0
2023-06-05,21.2,24.8
2023-06-06,20.8,63.3
2023-06-07,20.7,6.7
2023-06-08,20.5,46.4
2023-06-09,20.9,47.5
2023-06-10,20.7,25.9
2023-06-11,21.4,9.1
2023-06-12,22.0,11.4
2023-06-13,22.3,7.4
2023-06-14,21.7,25.1
2023-06-15,21.4,42.3
2023-06-16,21.3,28.0
2023-06-17,21.1,5.6
2023-06-18,21.7,0.0
2023-06-19,21.4,0.2
2023-06-20,22.3,0.7
2023-06-21,22.3,6.3
2023-06-22,21.6,19.3
2023-06-23,20.7,35.7
2023-06-24,21.3,22.9
2023-06-25,20.3,28.0
2023-06-26,20.5,24.8
2023-06-27,21.0,3.2
2023-06-28,21.5,3.1
2023-06-29,22.6,0.6
2023-06-30,22.4,3.2
2023-07-01,22.1,13.7
2023-07-02,20.6,34.3
2023-07-03,20.7,16.5
2023-07-04,21.0,12.7
2023-07-05,21.3,17.6
2023-07-06,20.8,28.3
2023-07-07,20.2,18.2
2023-07-08,20.5,34.4
2023-07-09,21.1,15.0
2023-07-10,21.3,10.6
2023-07-11,21.6,7.9
2023-07-12,21.4,6.8
2023-07-13,21.8,6.5
2023-07-14,21.0,20.2
2023-07-15,21.1,17.3
2023-07-16,21.6,4.8
2023-07-17,20.8,32.6
2023-07-18,21.6,0.4
2023-07-19,22.4,0.0
2023-07-20,23.0,0.3
2023-07-21,21.8,2.2
2023-07-22,22.1,5.2
2023-07-23,21.8,0.6
2023-07-24,22.1,0.6
2023-07-25,21.4,10.8
2023-07-26,21.3,12.6
2023-07-27,21.9,8.5
2023-07-28,22.5,4.2
2023-07-29,22.0,23.0
2023-07-30,21.6,12.1
2023-07-31,21.5,2.7
2023-08-01,21.8,1.9
2023-08-02,21.7,0.3
2023-08-03,21.7,3.1
2023-08-04,22.5,9.5
2023-08-05,22.3,3.6
2023-08-06,22.2,14.2
2023-08-07,21.5,9.8
2023-08-08,22.3,0.9
2023-08-09,21.8,1.7
2023-08-10,22.0,5.4
2023-08-11,22.0,30.2
2023-08-12,22.0,28.3
2023-08-13,20.2,15.3
2023-08-14,21.3,7.4
2023-08-15,20.6,11.0
2023-08-16,21.4,10.7
2023-08-17,22.0,11.9
2023-08-18,21.7,12.4
2023-08-19,22.0,21.1
2023-08-20,21.9,22.1
2023-08-21,21.4,37.3
2023-08-22,20.5,25.9
2023-08-23,20.6,2.8
2023-08-24,20.2,2.4
2023-08-25,21.1,8.8
2023-08-26,22.2,0.1
2023-08-27,22.0,1.0
2023-08-28,22.8,2.4
2023-08-29,22.4,6.6
2023-08-30,22.8,0.0
2023-08-31,23.1,0.6
2023-09-01,23.2,3.1
2023-09-02,21.9,11.7
2023-09-03,21.7,26.3
2023-09-04,21.6,17.8
2023-09-05,22.1,2.5
2023-09-06,22.7,0.8
2023-09-07,22.5,0.5
2023-09-08,22.2,38.5
2023-09-09,20.8,22.9
2023-09-10,21.4,24.5
2023-09-11,21.9,12.8
2023-09-12,22.5,7.7
2023-09-13,22.0,40.4
2023-09-14,21.7,29.1
2023-09-15,22.2,2.1
2023-09-16,22.5,1.0
2023-09-17,22.4,16.7
2023-09-18,22.3,15.4
2023-09-19,22.1,17.9
2023-09-20,22.4,1.8
2023-09-21,22.9,0.3
2023-09-22,23.2,6.6
2023-09-23,22.2,13.5
2023-09-24,21.7,10.1
2023-09-25,22.5,13.3
2023-09-26,22.4,10.2
2023-09-27,22.9,6.5
2023-09-28,21.0,9.7
2023-09-29,22.7,11.3
2023-09-30,22.6,22.0
2023-10-01,22.3,33.8
2023-10-02,22.4,19.5
2023-10-03,21.6,16.1
2023-10-04,21.3,18.2
2023-10-05,21.8,16.3
2023-10-06,22.1,1.8
2023-10-07,22.7,11.9
2023-10-08,21.4,26.5
2023-10-09,22.4,0.5
2023-10-10,22.2,42.1
2023-10-11,22.8,21.5
2023-10-12,21.9,24.4
2023-10-13,21.8,18.0
2023-10-14,21.4,15.8
2023-10-15,20.8,36.5
2023-10-16,21.5,25.5
2023-10-17,21.6,4.7
2023-10-18,22.7,20.4
2023-10-19,21.9,10.3
2023-10-20,20.5,13.9
2023-10-21,20.9,6.3
2023-10-22,21.5,8.4
2023-10-23,22.1,15.8
2023-10-24,21.4,14.7
2023-10-25,21.4,9.4
2023-10-26,20.6,25.5
2023-10-27,20.5,2.2
2023-10-28,19.7,0.3
2023-10-29,21.0,0.0
2023-10-30,21.1,9.2
2023-10-31,21.4,9.3
2023-11-01,21.3,15.0
2023-11-02,20.9,7.7
2023-11-03,21.7,25.3
2023-11-04,21.7,10.3
2023-11-05,21.3,20.7
2023-11-06,20.9,31.9
2023-11-07,21.9,10.6
2023-11-08,22.3,5.2
2023-11-09,22.5,22.9
2023-11-10,22.3,28.2
2023-11-11,21.9,21.1
2023-11-12,21.1,36.2
2023-11-13,22.1,12.7
2023-11-14,22.1,25.8
2023-11-15,21.6,31.6
2023-11-16,22.1,9.2
2023-11-17,21.7,13.3
2023-11-18,20.9,51.1
2023-11-19,21.2,9.2
2023-11-20,21.0,14.7
2023-11-21,20.9,13.1
2023-11-22,21.6,17.7
2023-11-23,21.3,9.7
2023-11-24,20.6,38.5
2023-11-25,20.9,14.6
2023-11-26,21.8,3.7
2023-11-27,22.3,3.9
2023-11-28,21.6,5.4
2023-11-29,21.1,14.2
2023-11-30,21.5,4.7
2023-12-01,22.3,2.5
2023-12-02,22.8,1.5
2023-12-03,22.7,3.1
2023-12-04,22.4,4.1
2023-12-05,22.0,28.0
2023-12-06,20.7,25.9
2023-12-07,21.5,9.8
2023-12-08,21.9,5.4
2023-12-09,22.2,8.8
2023-12-10,21.6,15.2
2023-12-11,21.8,8.1
2023-12-12,22.5,14.9
2023-12-13,22.3,8.1
2023-12-14,22.1,20.3
2023-12-15,21.4,17.4
2023-12-16,21.0,33.6
2023-12-17,21.8,20.4
2023-12-18,22.3,22.2
2023-12-19,21.2,15.8
2023-12-20,21.8,10.8
2023-12-21,22.4,1.7
2023-12-22,22.9,33.6
2023-12-23,21.8,30.8
2023-12-24,22.0,18.5
2023-12-25,21.5,31.7
2023-12-26,21.5,10.2
2023-12-27,21.2,16.1
2023-12-28,21.0,13.1
2023-12-29,21.3,5.7
2023-12-30,20.8,4.9
2023-12-31,21.8,4.8
2024-01-01,21.3,12.3
2024-01-02,21.9,10.3
2024-01-03,22.0,22.9
2024-01-04,21.8,13.1
2024-01-05,21.5,1.5
2024-01-06,22.0,0.1
2024-01-07,21.7,0.7
2024-01-08,22.3,2.4
2024-01-09,22.0,7.8
2024-01-10,21.5,11.7
2024-01-11,21.2,7.1
2024-01-12,20.9,22.1
2024-01-13,20.9,20.0
2024-01-14,22.2,2.9
2024-01-15,22.4,1.0
2024-01-16,22.6,4.8
2024-01-17,22.4,3.5
2024-01-18,22.6,3.1
2024-01-19,22.7,9.5
2024-01-20,22.1,13.4
2024-01-21,22.3,16.5
2024-01-22,23.0,1.5
2024-01-23,23.6,0.5
2024-01-24,23.8,0.4
2024-01-25,24.0,1.8
2024-01-26,23.7,3.4
2024-01-27,22.9,1.5
2024-01-28,23.6,9.5
2024-01-29,23.4,5.4
2024-01-30,23.2,8.2
2024-01-31,22.7,4.6
2024-02-01,22.6,13.8
2024-02-02,21.6,30.9
2024-02-03,21.8,22.2
2024-02-04,21.8,23.4
2024-02-05,21.1,12.7
2024-02-06,22.2,8.6
2024-02-07,22.4,10.2
2024-02-08,22.5,20.6
2024-02-09,22.5,3.1
2024-02-10,22.5,14.4
2024-02-11,22.4,13.6
2024-02-12,22.3,5.9
2024-02-13,22.7,3.6
2024-02-14,23.3,13.7
2024-02-15,23.5,23.9
2024-02-16,23.2,5.5
2024-02-17,22.4,2.9
2024-02-18,22.7,7.6
2024-02-19,22.8,6.3
2024-02-20,22.7,24.3
2024-02-21,20.5,51.5
2024-02-22,21.6,1.3
2024-02-23,22.5,0.4
2024-02-24,22.2,23.9
2024-02-25,21.4,7.3
2024-02-26,21.9,5.4
2024-02-27,22.6,10.8
2024-02-28,22.8,14.9
2024-02-29,22.3,13.4
2024-03-01,21.9,21.4
2024-03-02,21.8,10.4
2024-03-03,21.8,19.0
2024-03-04,22.8,4.3
2024-03-05,22.6,12.7
2024-03-06,22.8,6.4
2024-03-07,22.9,12.8
2024-03-08,22.7,30.8
2024-03-09,22.2,31.9
2024-03-10,23.2,3.5
2024-03-11,22.8,17.8
2024-03-12,22.9,10.1
2024-03-13,23.0,23.2
2024-03-14,22.9,4.4
2024-03-15,22.8,11.3
2024-03-16,23.0,32.3
2024-03-17,23.2,15.9
2024-03-18,23.1,13.1
2024-03-19,22.3,21.2
2024-03-20,22.3,25.6
2024-03-21,22.0,8.8
2024-03-22,22.6,3.4
2024-03-23,22.4,14.6
2024-03-24,23.1,23.4
2024-03-25,22.0,26.6
2024-03-26,22.0,24.2
2024-03-27,21.6,19.2
2024-03-28,22.4,33.0
2024-03-29,22.2,14.1
2024-03-30,22.4,24.4
2024-03-31,21.9,23.1
2024-04-01,22.1,24.4
2024-04-02,21.3,23.7
2024-04-03,21.4,8.1
2024-04-04,21.3,20.7
2024-04-05,21.9,14.7
2024-04-06,21.6,22.1
2024-04-07,22.5,13.1
2024-04-08,21.9,20.9
2024-04-09,22.8,5.1
2024-04-10,22.8,3.7
2024-04-11,22.8,2.6
2024-04-12,23.7,2.5
2024-04-13,23.4,2.9
2024-04-14,23.0,18.7
2024-04-15,22.3,20.7
2024-04-16,23.1,15.8
2024-04-17,22.5,38.2
2024-04-18,22.1,29.7
2024-04-19,22.2,25.2
2024-04-20,23.0,7.0
2024-04-21,21.1,18.9
2024-04-22,20.7,12.0
2024-04-23,22.2,3.5
2024-04-24,22.6,19.6
2024-04-25,21.9,43.3
2024-04-26,22.1,7.7
2024-04-27,21.7,19.8
2024-04-28,21.5,16.1
2024-04-29,22.4,5.7
2024-04-30,22.5,25.0
2024-05-01,22.4,20.8
2024-05-02,21.8,35.1
2024-05-03,21.8,21.1
2024-05-04,21.8,23.8
2024-05-05,21.8,16.6
2024-05-06,22.2,3.1
2024-05-07,21.9,19.8
2024-05-08,20.9,34.1
2024-05-09,20.3,12.9
2024-05-10,21.9,1.0
2024-05-11,22.5,15.2
2024-05-12,22.3,6.5
2024-05-13,23.2,4.9
2024-05-14,21.2,31.0
2024-05-15,20.7,38.1
2024-05-16,21.2,9.6
2024-05-17,21.5,30.4
2024-05-18,22.2,9.5
2024-05-19,22.6,12.1
2024-05-20,21.6,15.6
2024-05-21,22.3,29.1
2024-05-22,21.7,40.1
2024-05-23,21.5,11.6
2024-05-24,21.5,7.0
2024-05-25,21.6,32.2
2024-05-26,21.7,18.7
2024-05-27,21.6,18.4
2024-05-28,21.7,19.0
2024-05-29,20.4,23.9
2024-05-30,21.2,31.5
2024-05-31,22.0,1.9
2024-06-01,23.4,1.6
2024-06-02,22.5,10.6
2024-06-03,22.4,9.0
2024-06-04,21.0,36.7
2024-06-05,20.7,12.9
2024-06-06,20.5,10.5
2024-06-07,21.1,12.9
2024-06-08,20.9,18.2
2024-06-09,21.4,17.6
2024-06-10,21.1,35.0
2024-06-11,21.9,15.8
2024-06-12,21.8,25.5
2024-06-13,21.2,11.2
2024-06-14,21.4,23.4
2024-06-15,20.6,17.7
2024-06-16,21.1,5.4
2024-06-17,21.7,5.2
2024-06-18,21.6,23.4
2024-06-19,20.7,10.7
2024-06-20,21.0,4.8
2024-06-21,20.9,10.6
2024-06-22,21.1,11.6
2024-06-23,20.2,30.9
2024-06-24,20.9,5.5
2024-06-25,21.1,11.7
2024-06-26,20.1,11.5
2024-06-27,19.7,18.3
2024-06-28,20.5,12.6
2024-06-29,21.4,6.7
2024-06-30,21.0,3.9
2024-07-01,21.8,5.7
2024-07-02,21.0,20.3
2024-07-03,20.2,16.2
2024-07-04,20.6,37.0
2024-07-05,19.5,12.5
2024-07-06,20.5,2.7
2024-07-07,21.3,1.3
2024-07-08,21.8,0.4
2024-07-09,21.2,22.7
2024-07-10,21.7,9.8
2024-07-11,21.4,9.6
2024-07-12,20.6,20.0
2024-07-13,21.0,3.1
2024-07-14,21.8,0.1
2024-07-15,22.3,0.6
2024-07-16,22.7,12.4
2024-07-17,22.3,12.4
2024-07-18,21.4,13.5
2024-07-19,21.6,4.4
2024-07-20,21.8,2.0
2024-07-21,21.4,5.2
2024-07-22,21.6,1.5
2024-07-23,21.7,4.4
2024-07-24,21.9,6.1
2024-07-25,22.3,3.7
2024-07-26,21.8,15.1
2024-07-27,22.0,17.0
2024-07-28,22.4,1.5
2024-07-29,22.9,1.9
2024-07-30,22.6,4.9
2024-07-31,22.4,1.8
2024-08-01,21.5,4.7
2024-08-02,22.1,2.5
2024-08-03,21.2,18.7
2024-08-04,21.1,11.6
2024-08-05,20.5,27.4
2024-08-06,21.0,34.7
2024-08-07,21.2,19.3
2024-08-08,21.4,7.2
2024-08-09,20.6,47.4
2024-08-10,20.1,21.5
2024-08-11,20.8,5.8
2024-08-12,20.9,21.2
2024-08-13,21.4,0.2
2024-08-14,21.6,6.8
2024-08-15,22.6,2.5
2024-08-16,21.9,2.7
2024-08-17,22.0,0.2
2024-08-18,22.4,0.3
2024-08-19,22.4,2.8
2024-08-20,22.1,7.9
2024-08-21,22.1,5.8
2024-08-22,21.5,10.5
2024-08-23,21.4,16.5
2024-08-24,21.0,35.5
2024-08-25,20.3,18.9
2024-08-26,20.8,6.0
2024-08-27,21.5,6.4
2024-08-28,22.2,0.5
2024-08-29,22.1,8.6
2024-08-30,22.3,0.8
2024-08-31,22.6,0.8
2024-09-01,22.4,18.7
2024-09-02,22.4,0.6
2024-09-03,22.1,12.4
2024-09-04,22.6,1.8
2024-09-05,21.9,15.8
2024-09-06,23.1,0.4
2024-09-07,23.0,1.4
2024-09-08,23.0,1.9
2024-09-09,23.1,2.8
2024-09-10,22.8,0.6
2024-09-11,22.9,6.4
2024-09-12,22.8,4.5
2024-09-13,23.0,4.6
2024-09-14,23.6,1.1
2024-09-15,23.8,0.3
2024-09-16,23.6,7.0
2024-09-17,23.8,0.1
2024-09-18,24.2,1.2
2024-09-19,22.9,1.3
2024-09-20,22.9,8.9
2024-09-21,21.7,26.4
2024-09-22,21.4,15.4
2024-09-23,22.3,0.6
2024-09-24,22.6,2.9
2024-09-25,22.4,7.1
2024-09-26,21.9,11.8
2024-09-27,22.4,14.2
2024-09-28,19.6,31.2
2024-09-29,21.1,2.1
2024-09-30,21.9,5.4
2024-10-01,20.9,18.3
2024-10-02,21.3,15.4
2024-10-03,21.1,4.6
2024-10-04,21.1,26.1
2024-10-05,22.3,3.6
2024-10-06,21.5,12.3
2024-10-07,21.8,25.4
2024-10-08,21.1,27.3
2024-10-09,22.1,4.7
2024-10-10,20.6,19.6
2024-10-11,21.8,4.8
2024-10-12,21.7,5.1
2024-10-13,21.8,14.8
2024-10-14,21.9,18.9
2024-10-15,20.3,7.6
2024-10-16,21.8,5.9
2024-10-17,22.6,8.3
2024-10-18,22.0,12.1
2024-10-19,21.7,27.0
2024-10-20,20.6,3.7
2024-10-21,21.6,10.8
2024-10-22,21.9,32.6
2024-10-23,21.7,23.3
2024-10-24,22.2,14.8
2024-10-25,22.4,12.9
2024-10-26,22.0,5.8
2024-10-27,21.6,12.5
2024-10-28,21.3,18.2
2024-10-29,22.2,4.6
2024-10-30,21.3,14.3
2024-10-31,21.6,16.3
2024-11-01,20.6,54.0
2024-11-02,20.0,2.5
2024-11-03,21.2,15.6
2024-11-04,21.1,2.6
2024-11-05,22.3,0.8
2024-11-06,22.4,0.9
2024-11-07,21.6,9.6
2024-11-08,20.5,48.8
2024-11-09,20.9,5.6
2024-11-10,20.7,3.1
2024-11-11,20.9,13.9
2024-11-12,21.4,0.0
2024-11-13,21.4,0.7
2024-11-14,21.1,0.8
2024-11-15,21.7,1.8
2024-11-16,21.1,16.5
2024-11-17,21.3,5.9
2024-11-18,21.2,26.4
2024-11-19,20.9,14.4
2024-11-20,21.2,15.5
2024-11-21,20.8,16.1
2024-11-22,21.0,9.8
2024-11-23,21.1,22.0
2024-11-24,21.5,16.0
2024-11-25,21.6,23.1
2024-11-26,21.4,12.6
2024-11-27,21.4,29.0
2024-11-28,21.7,18.4
2024-11-29,20.9,18.6
2024-11-30,22.3,14.9
2024-12-01,22.1,4.3
2024-12-02,21.4,16.9
2024-12-03,21.4,5.7
2024-12-04,21.7,30.1
2024-12-05,21.5,11.0
2024-12-06,20.3,23.7
2024-12-07,20.9,24.8
2024-12-08,21.8,7.9
2024-12-09,22.0,3.4
2024-12-10,22.1,6.0
2024-12-11,21.9,6.5
2024-12-12,21.8,22.9
2024-12-13,21.4,14.8
2024-12-14,21.2,7.8
2024-12-15,20.7,9.7
2024-12-16,21.4,7.1
2024-12-17,21.6,11.2
2024-12-18,21.7,9.5
2024-12-19,21.6,21.0
2024-12-20,21.4,35.5
2024-12-21,21.0,49.4
2024-12-22,21.0,37.2
2024-12-23,20.8,23.8
2024-12-24,20.7,11.3
2024-12-25,21.9,6.8
2024-12-26,21.0,20.4
2024-12-27,21.0,28.3
2024-12-28,21.1,24.7
2024-12-29,20.6,40.8
2024-12-30,20.6,44.9
2024-12-31,20.6,36.5
2025-01-01,20.1,50.2
2025-01-02,20.7,8.2
2025-01-03,20.1,32.5
2025-01-04,20.4,21.2
2025-01-05,20.5,7.0
2025-01-06,20.8,39.1
2025-01-07,21.0,41.5
2025-01-08,21.0,22.0
2025-01-09,21.0,15.0
2025-01-10,21.8,2.4
2025-01-11,21.6,11.0
2025-01-12,22.0,9.6
2025-01-13,21.9,4.0
2025-01-14,21.6,7.0
2025-01-15,21.6,18.0
2025-01-16,21.1,15.8
2025-01-17,21.0,15.2
2025-01-18,21.8,7.1
2025-01-19,21.4,23.2
2025-01-20,21.4,8.0
2025-01-21,21.7,16.2
2025-01-22,21.2,20.6
2025-01-23,21.7,1.1
2025-01-24,21.3,19.9
2025-01-25,20.9,13.2
2025-01-26,21.3,10.5
2025-01-27,21.5,12.0
2025-01-28,21.4,14.6
2025-01-29,21.7,17.1
2025-01-30,22.1,11.0
2025-01-31,22.0,21.6
2025-02-01,22.0,8.2
2025-02-02,22.4,15.5
2025-02-03,21.8,38.4
2025-02-04,21.2,23.7
2025-02-05,21.0,31.0
2025-02-06,21.1,10.2
2025-02-07,21.2,14.4
2025-02-08,20.0,47.5
2025-02-09,20.6,36.9
2025-02-10,20.9,37.3
2025-02-11,19.5,35.3
2025-02-12,21.2,19.6
2025-02-13,20.5,47.3
2025-02-14,20.8,21.2
2025-02-15,20.8,9.9
2025-02-16,20.1,31.1
2025-02-17,20.1,17.6
2025-02-18,20.8,14.9
2025-02-19,21.1,25.0
2025-02-20,21.0,27.7
2025-02-21,20.6,19.3
2025-02-22,19.7,29.6
2025-02-23,20.7,12.5
2025-02-24,21.1,43.1
2025-02-25,21.5,22.5
2025-02-26,21.6,24.0
2025-02-27,21.0,24.9
2025-02-28,21.1,20.1
2025-03-01,21.6,29.5
2025-03-02,21.3,16.2
2025-03-03,21.2,27.0
2025-03-04,21.2,27.6
2025-03-05,20.8,51.0
2025-03-06,20.5,5.8
2025-03-07,21.0,13.4
2025-03-08,21.6,17.9
2025-03-09,21.0,62.5
2025-03-10,21.1,11.1
2025-03-11,20.8,17.1
2025-03-12,20.3,4.3
2025-03-13,21.1,35.7
2025-03-14,20.7,18.1
2025-03-15,20.9,10.3
2025-03-16,20.6,13.7
2025-03-17,19.7,31.5
2025-03-18,20.9,13.3
2025-03-19,21.7,16.0
2025-03-20,21.5,7.5
2025-03-21,21.9,17.2
2025-03-22,21.9,15.4
2025-03-23,22.1,24.4
2025-03-24,22.6,5.5
2025-03-25,22.1,7.3
2025-03-26,21.5,19.7
2025-03-27,21.5,27.4
2025-03-28,20.5,29.7
2025-03-29,21.1,15.9
2025-03-30,21.1,23.3
2025-03-31,21.3,15.2
2025-04-01,21.5,16.9
2025-04-02,21.4,7.3
2025-04-03,21.0,28.0
2025-04-04,21.3,18.6
2025-04-05,21.9,16.1
2025-04-06,21.8,8.0
2025-04-07,22.4,17.6
2025-04-08,21.6,18.6
2025-04-09,21.3,26.0
2025-04-10,20.4,40.1
2025-04-11,20.4,19.8
2025-04-12,21.9,5.0
2025-04-13,22.0,11.8
2025-04-14,22.3,3.5
2025-04-15,22.9,2.5
2025-04-16,22.1,17.7
2025-04-17,21.9,5.2
2025-04-18,22.6,3.7
2025-04-19,21.8,23.8
2025-04-20,21.1,23.5
2025-04-21,21.8,19.3
2025-04-22,21.6,10.9
2025-04-23,21.8,10.6
2025-04-24,21.9,5.9
2025-04-25,21.7,25.0
2025-04-26,21.0,36.6
2025-04-27,21.6,21.4
2025-04-28,20.3,22.2
2025-04-29,21.2,9.8
2025-04-30,20.6,18.7
2025-05-01,21.2,45.4
2025-05-02,21.1,36.6
2025-05-03,20.9,24.4
2025-05-04,20.9,23.5
2025-05-05,19.9,16.8
2025-05-06,20.6,17.9
2025-05-07,20.5,22.4
2025-05-08,21.4,33.4
2025-05-09,21.9,3.5
2025-05-10,22.6,2.9
2025-05-11,22.1,1.0
2025-05-12,22.3,13.1
2025-05-13,20.7,7.2
2025-05-14,21.0,38.8
2025-05-15,21.2,42.7
2025-05-16,20.6,21.7
2025-05-17,20.7,13.7
2025-05-18,21.2,0.8
2025-05-19,21.8,1.2
2025-05-20,21.7,15.1
2025-05-21,21.3,22.4
2025-05-22,21.5,2.9
2025-05-23,22.5,13.5
2025-05-24,21.6,37.2
2025-05-25,21.1,28.1
2025-05-26,20.2,28.1
2025-05-27,21.2,24.3
2025-05-28,22.1,13.3
2025-05-29,22.3,21.8
2025-05-30,21.4,34.9
2025-05-31,20.9,27.6
2025-06-01,20.4,36.0
2025-06-02,21.1,14.2
2025-06-03,21.2,15.6
2025-06-04,20.7,22.8
2025-06-05,21.1,29.5
2025-06-06,20.7,13.1
2025-06-07,21.4,1.4
2025-06-08,21.7,18.4
2025-06-09,20.7,35.7
2025-06-10,20.5,20.1
2025-06-11,20.8,36.2
2025-06-12,21.0,43.5
2025-06-13,20.2,26.5
2025-06-14,20.9,11.0
2025-06-15,21.5,22.6
2025-06-16,20.8,42.4
2025-06-17,20.9,11.3
2025-06-18,22.0,3.3
2025-06-19,21.6,7.1
2025-06-20,21.7,10.8
2025-06-21,21.2,25.7
2025-06-22,20.3,23.5
2025-06-23,20.6,29.4
2025-06-24,20.8,17.4
2025-06-25,21.3,3.3
2025-06-26,21.5,19.1
2025-06-27,20.7,47.6
2025-06-28,21.1,22.2
2025-06-29,21.1,5.7
2025-06-30,21.5,7.3
2025-07-01,21.1,22.2
2025-07-02,21.2,8.7
2025-07-03,21.1,10.5
2025-07-04,20.9,5.7
2025-07-05,21.3,10.5
2025-07-06,21.1,4.4
2025-07-07,21.4,13.7
2025-07-08,21.4,16.8
2025-07-09,21.1,30.1
2025-07-10,21.0,8.3
2025-07-11,20.1,15.3
2025-07-12,21.0,5.7
2025-07-13,21.2,12.6
2025-07-14,21.2,15.7
2025-07-15,22.1,0.0
2025-07-16,21.8,1.1
2025-07-17,22.3,0.5
2025-07-18,22.1,2.9
2025-07-19,22.4,3.8
2025-07-20,21.9,2.9
2025-07-21,21.6,6.4
2025-07-22,21.5,6.8
2025-07-23,21.6,2.0
2025-07-24,22.1,9.9
2025-07-25,22.1,19.6
2025-07-26,22.0,17.2
2025-07-27,22.1,13.0
2025-07-28,21.9,3.5
2025-07-29,21.9,7.6
2025-07-30,22.1,6.2
2025-07-31,22.6,0.3
2025-08-01,22.8,1.7
2025-08-02,21.5,28.3
2025-08-03,21.3,25.6
2025-08-04,20.9,26.0
2025-08-05,21.4,0.7
2025-08-06,20.7,11.0
2025-08-07,20.2,21.5
2025-08-08,21.2,3.3
2025-08-09,21.7,14.5
2025-08-10,21.3,12.0
2025-08-11,21.0,16.0
2025-08-12,21.0,9.8
2025-08-13,20.7,18.3
2025-08-14,21.0,25.3
2025-08-15,20.4,34.0
2025-08-16,20.7,10.5
2025-08-17,20.6,15.2
2025-08-18,21.2,23.2
2025-08-19,22.0,1.2
2025-08-20,21.8,15.8
2025-08-21,21.2,34.8
2025-08-22,21.2,36.3
2025-08-23,21.1,26.2
2025-08-24,21.9,2.6
2025-08-25,21.7,7.2
2025-08-26,22.2,3.0
2025-08-27,22.4,6.6
2025-08-28,22.3,0.3
2025-08-29,22.2,13.5
2025-08-30,21.9,20.0
2025-08-31,21.0,41.6
2025-09-01,21.6,8.9
2025-09-02,21.2,19.4
2025-09-03,22.3,9.5
2025-09-04,21.2,24.2
2025-09-05,21.1,27.5
2025-09-06,20.9,31.9
2025-09-07,20.3,19.2
2025-09-08,21.5,6.6
2025-09-09,22.0,9.7
2025-09-10,22.8,6.2
2025-09-11,22.3,18.5
2025-09-12,22.7,0.5
2025-09-13,23.0,4.6
2025-09-14,23.1,2.4
2025-09-15,22.8,18.1
2025-09-16,21.7,14.0
2025-09-17,21.5,18.3
2025-09-18,20.3,38.2
2025-09-19,21.3,7.4
2025-09-20,21.1,23.2
2025-09-21,21.5,5.4
2025-09-22,22.0,10.1
2025-09-23,22.4,23.7
2025-09-24,21.8,20.5
2025-09-25,22.3,20.8
2025-09-26,22.4,12.8
2025-09-27,22.2,22.8
2025-09-28,21.9,17.7
2025-09-29,21.7,13.1
2025-09-30,21.2,14.3
2025-10-01,21.6,9.4
2025-10-02,21.9,12.6
2025-10-03,20.3,29.2
2025-10-04,21.4,13.5
2025-10-05,21.7,30.3
2025-10-06,21.0,25.2
2025-10-07,21.1,6.7
2025-10-08,21.0,33.1
2025-10-09,21.5,29.7
2025-10-10,19.9,24.3
2025-10-11,20.7,19.5
2025-10-12,20.2,27.9
2025-10-13,21.0,13.3
2025-10-14,21.2,23.9
2025-10-15,21.6,16.4
2025-10-16,21.8,14.8
2025-10-17,21.4,9.5
2025-10-18,21.0,12.3
2025-10-19,21.0,16.3
2025-10-20,21.3,18.6
2025-10-21,21.4,9.3
2025-10-22,21.7,30.6
2025-10-23,22.3,1.4
2025-10-24,21.5,22.2
2025-10-25,22.0,7.4
2025-10-26,21.8,24.9
2025-10-27,20.7,13.9
2025-10-28,21.8,21.1
2025-10-29,21.1,4.7
2025-10-30,21.7,11.8
2025-10-31,21.5,21.5
2025-11-01,21.8,12.0
2025-11-02,21.5,18.7
2025-11-03,21.0,26.8
2025-11-04,21.4,19.3
2025-11-05,21.1,9.4
2025-11-06,21.1,24.3
2025-11-07,22.3,11.2
2025-11-08,21.7,36.8
2025-11-09,22.0,26.2
2025-11-10,21.6,9.6
2025-11-11,22.0,16.8
2025-11-12,21.6,22.6
2025-11-13,21.2,28.4
2025-11-14,20.8,53.7
2025-11-15,20.7,14.6
2025-11-16,21.2,9.3
